OrderDetailsID,ProductID,OrderItemQuantity,PerUnitPrice,OrderStatus,OrderID,OrderDate,CustomerID,ProductName,CategoryName,ProductDescription,ProductStandardCost,ProductListPrice,Profit,Revenue
1,P001,132,469.99,Shipped,7272,2016-11-17,2301,Intel Xeon E5-2699 V3 (OEM/Tray),CPU,"Speed:2.3GHz,Cores:18,TDP:145W",2867.51,3410.46,542.95,62038.68
2,P002,124,519.99,Shipped,7273,2017-02-20,2302,Intel Xeon E5-2697 V3,CPU,"Speed:2.6GHz,Cores:14",2326.27,2774.98,448.71,64478.76
3,P003,92,800.74,Canceled,7274,2017-01-03,2303,Intel Xeon E5-2698 V3 (OEM/Tray),CPU,Speed:2.3GHz,2035.18,2660.72,625.54,73668.08
4,P004,128,849.99,Pending,7275,2017-10-15,2304,Intel Xeon E5-2697 V4,CPU,"Cores:18,TDP:145W",2144.4,2554.99,410.59,108798.72
5,P005,106,109.99,Shipped,7276,2017-04-09,2305,Intel Xeon E5-2685 V3 (OEM/Tray),CPU,"Speed:2.6GHz,Cores:12",2012.11,2501.69,489.58,11658.939999999999
6,P006,148,549.59,Shipped,7277,2017-08-15,2306,Intel Xeon E5-2695 V3 (OEM/Tray),CPU,"Speed:2.3GHz,Cores:14",1925.13,2431.95,506.82,81339.32
7,P007,127,659.99,Canceled,7278,2016-12-01,2307,Intel Xeon E5-2697 V2,CPU,"Speed:2.7GHz,Cores:12,TDP:130W",2101.59,2377.09,275.5,83818.73
8,P008,138,54.99,Shipped,7279,2015-04-09,2308,Intel Xeon E5-2695 V4,CPU,"Speed:2.1GHz,Cores:18,TDP:120W",1780.35,2269.99,489.64,7588.62
9,P009,117,798.26,Canceled,7280,2017-05-11,2309,Intel Xeon E5-2695 V2,CPU,"Speed:2.4GHz,Cores:12,TDP:115W",1793.53,2259.99,466.46,93396.42
10,P010,34,279.99,Pending,7281,2016-12-03,2310,Intel Xeon E5-2643 V2 (OEM/Tray),CPU,"Speed:3.5GHz,Cores:6",1940.18,2200.0,259.82,9519.66
11,P011,58,549.59,Shipped,7282,2016-12-20,2311,Intel Xeon E5-2690 (OEM/Tray),CPU,"Speed:2.9GHz,Cores:8",1888.33,2116.72,228.39,31876.22
12,P012,49,2200.0,Pending,7283,2016-08-16,2312,Intel Xeon E5-2687W V3,CPU,"Speed:3.1GHz,Cores:10,TDP:160W",1781.47,2064.99,283.52,107800.0
13,P013,77,309.85,Shipped,7284,2015-05-02,2313,Intel Xeon E5-2687W V4,CPU,"Speed:3.0GHz,Cores:12,TDP:160W",1723.83,2042.69,318.86,23858.45
14,P014,141,721.99,Shipped,7285,2016-09-29,2314,Intel Xeon E5-2667 V3 (OEM/Tray),CPU,"Speed:3.2GHz,Cores:8,TDP:135W",1504.08,2009.46,505.38,101800.59
15,P015,33,824.98,Canceled,7286,2016-12-13,2315,Intel Xeon E5-2690 V4,CPU,"Speed:2.6GHz,Cores:14,TDP:135W",1499.26,1994.49,495.23,27224.34
16,P016,144,699.01,Shipped,7287,2016-12-02,2316,Intel Xeon E5-2690 V3,CPU,"Speed:2.6GHz,Cores:12,TDP:135W",1540.35,1908.73,368.38,100657.44
17,P017,149,339.99,Shipped,7288,2016-10-27,2317,Intel Xeon E5-2470V2,CPU,"Speed:2.4GHz,Cores:10,TDP:95W",1671.95,1904.7,232.75,50658.51
18,P018,145,1999.89,Shipped,7289,2017-10-27,2318,Intel Xeon E5-2683 V4,CPU,"Speed:2.1GHz,Cores:16,TDP:120W",1706.95,1899.99,193.04,289984.05
19,P019,79,899.99,Canceled,7290,2016-12-14,2319,Intel Xeon E5-2637 V2 (OEM/Tray),CPU,"Speed:3.5GHz,Cores:4,TDP:130W",1323.12,1850.0,526.88,71099.21
20,P020,75,620.95,Pending,7291,2016-12-13,2320,Intel Xeon E5-2683 V4 (OEM/Tray),CPU,"Speed:2.1GHz,Cores:16,TDP:120W",1369.83,1844.89,475.06,46571.25
21,P021,116,799.0,Shipped,7292,2015-04-26,2321,Intel Core i7-4960X Extreme Edition,CPU,"Speed:3.6GHz,Cores:6,TDP:130W",1496.43,1805.97,309.54,92684.0
22,P022,119,680.99,Shipped,7293,2017-04-26,2322,Intel Xeon E5-2699 V4 (OEM/Tray),CPU,"Speed:2.2GHz,Cores:22,TDP:145W",1535.62,1756.0,220.38,81037.81
23,P023,148,47.88,Shipped,7294,2015-04-09,2323,Intel Xeon E5-1680 V3 (OEM/Tray),CPU,"Speed:3.2GHz,Cores:8,TDP:140W",1519.85,1751.99,232.14,7086.240000000001
24,P024,111,298.98,Shipped,7295,2017-02-15,2324,Intel Xeon E5-2643 V4 (OEM/Tray),CPU,"Speed:3.4GHz,Cores:6,TDP:135W",1225.59,1708.86,483.27,33186.78
25,P025,111,66.89,Pending,7296,2017-02-14,2325,Intel Core i7-6950X (OEM/Tray),CPU,"Speed:3.0GHz,Cores:10,TDP:140W",1479.56,1704.37,224.81,7424.79
26,P026,47,149.88,Canceled,7297,2017-02-14,2326,Intel Xeon E5-2670 V3,CPU,"Speed:2.3GHz,Cores:12,TDP:120W",1453.94,1676.98,223.04,7044.36
27,P027,70,282.98,Shipped,7298,2017-01-24,2327,Intel Xeon E5-2680,CPU,"Speed:2.7GHz,Cores:8,TDP:130W",1479.95,1666.61,186.66,19808.600000000002
28,P028,67,647.99,Pending,7299,2016-11-29,2328,Intel Xeon E5-2680 V4,CPU,"Speed:2.4GHz,Cores:14,TDP:120W",1365.13,1639.99,274.86,43415.33
29,P029,74,305.0,Shipped,7300,2016-11-29,2329,Intel Xeon E5-2680 V3 (OEM/Tray),CPU,"Speed:2.5GHz,Cores:12,TDP:120W",1166.89,1638.89,472.0,22570.0
30,P030,92,759.99,Pending,7301,2016-11-29,2330,Intel Core i7-6950X,CPU,"Speed:3.0GHz,Cores:10,TDP:140W",1052.92,1499.89,446.97,69919.08
31,P031,139,849.99,Shipped,7302,2017-09-28,2331,Intel Xeon E5-2643 V3 (OEM/Tray),CPU,"Speed:3.4GHz,Cores:6,TDP:135W",1266.37,1469.96,203.59,118148.61
32,P032,118,287.0,Shipped,7303,2017-09-27,2332,Intel Xeon E5-2660 V4,CPU,"Speed:2.0GHz,Cores:14,TDP:105W",1194.03,1388.89,194.86,33866.0
33,P033,113,141.56,Canceled,7304,2016-09-27,2333,Intel Xeon E5-2660 V3,CPU,"Speed:2.6GHz,Cores:10,TDP:105W",1041.99,1299.73,257.74,15996.28
34,P034,41,573.99,Pending,7305,2017-09-27,2334,Intel Xeon E5-2660 V3 (OEM/Tray),CPU,"Speed:2.6GHz,Cores:10",902.18,1274.99,372.81,23533.59
35,P035,46,440.3,Shipped,7306,2016-08-16,2335,Intel Xeon E5-2650 V2,CPU,"Speed:2.6GHz,Cores:8",961.11,1249.0,287.89,20253.8
36,P036,98,734.99,Pending,7307,2016-05-27,2336,Intel Xeon E5-2650 V3,CPU,"Speed:2.3GHz,Cores:10",906.63,1204.98,298.35,72029.02
37,P037,116,469.99,Shipped,7308,2017-05-27,2337,Intel Core i7-990X Extreme Edition,CPU,"Speed:3.47GHz,Cores:6",1072.79,1199.99,127.2,54518.840000000004
38,P038,60,329.99,Canceled,7309,2017-05-27,2338,Intel Xeon E5-2650 V4,CPU,"Speed:2.2GHz,Cores:12",945.11,1099.99,154.88,19799.4
39,P039,70,1638.89,Shipped,7310,2016-05-26,2339,Intel Xeon E5-2650,CPU,"Speed:2.0GHz,Cores:8",869.03,1064.99,195.96,114722.3
40,P040,51,282.98,Shipped,7311,2016-09-07,2340,Intel Core i9-7900X,CPU,"Speed:3.3GHz,Cores:10",855.82,1029.99,174.17,14431.980000000001
41,P041,105,1469.96,Shipped,7312,2016-09-07,2341,Intel Xeon E5-1660 V3 (OEM/Tray),CPU,"Speed:3.0GHz,Cores:8",914.52,1019.99,105.47,154345.80000000002
42,P042,53,1199.99,Shipped,7313,2016-08-24,2342,Intel Xeon E5-2650L V3 (OEM/Tray),CPU,"Speed:1.8GHz,Cores:12",779.17,1010.46,231.29,63599.47
43,P043,105,640.99,Shipped,7314,2016-08-16,2343,Intel Core i7-5960X,CPU,"Speed:3.0GHz,Cores:8",865.59,1009.79,144.2,67303.95
44,P044,79,1299.99,Canceled,7315,2017-08-14,2344,Intel Core 2 Extreme QX6800,CPU,"Speed:2.93GHz,Cores:4,TDP:100W",787.72,1003.98,216.26,102699.21
45,P045,44,829.99,Shipped,7316,2017-08-12,2345,Intel Core i7-5960X (OEM/Tray),CPU,"Speed:3.0GHz,Cores:8,TDP:140W",879.8,977.99,98.19,36519.56
46,P046,104,713.99,Shipped,7317,2017-08-12,2346,Intel Xeon E5-2650 V3 (OEM/Tray),CPU,"Speed:2.3GHz,Cores:10,TDP:105W",799.98,939.49,139.51,74254.96
47,P047,129,721.99,Shipped,7318,2017-03-09,2347,Intel Xeon E5-2640 V4,CPU,"Speed:2.4GHz,Cores:10",738.71,899.99,161.28,93136.71
48,P048,109,298.98,Shipped,7319,2017-03-07,2348,Intel Xeon E5-2640 V3,CPU,"Speed:2.6GHz,Cores:8",668.24,899.99,231.75,32588.820000000003
49,P049,114,620.95,Shipped,7320,2016-06-12,2349,Intel Core 2 Extreme QX9775,CPU,Speed:3.2GHz,737.68,892.0,154.32,70788.3
50,P050,38,660.0,Shipped,7321,2016-09-05,2350,Intel Core i7-6900K,CPU,"Speed:3.2GHz,Cores:8",792.89,889.89,97.0,25080.0
51,P051,61,443.72,Canceled,7322,2017-09-05,2351,Intel Core i7-6900K (OEM/Tray),CPU,"Speed:3.2GHz,Cores:8",620.28,827.37,207.09,27066.920000000002
52,P052,38,680.99,Canceled,7323,2017-02-19,2352,AMD Opteron 6378,CPU,"Speed:2.4GHz,Cores:16",651.92,826.99,175.07,25877.62
53,P053,70,41.99,Shipped,7324,2015-05-31,2353,Intel Core i7-3960X Extreme Edition,CPU,Speed:3.3GHz,573.41,800.74,227.33,2939.3
54,P054,68,635.99,Canceled,7325,2016-10-22,2354,Intel Core i7-4770K,CPU,"Speed:3.5GHz,Cores:4",714.15,799.0,84.85,43247.32
55,P055,83,337.81,Canceled,7326,2017-05-11,2355,Intel Xeon E5-2687W,CPU,"Speed:3.1GHz,Cores:8",581.16,710.99,129.83,28038.23
56,P056,93,150.99,Shipped,7327,2015-05-03,2356,Intel Xeon E5-2680 V2,CPU,"Speed:2.8GHz,Cores:10",567.81,701.95,134.14,14042.070000000002
57,P057,141,873.98,Shipped,7328,2017-02-20,2357,Intel Core i7-980,CPU,"Speed:3.33GHz,Cores:6",563.7,699.99,136.29,123231.18000000001
58,P058,133,798.26,Shipped,7329,2017-02-20,2358,Intel Core i7-7820X,CPU,"Speed:3.6GHz,Cores:8",511.1,678.75,167.65,106168.58
59,P059,45,686.99,Shipped,7330,2016-10-10,2359,Intel Core i7-3930K,CPU,"Speed:3.2GHz,Cores:6",509.32,660.0,150.68,30914.55
60,P060,150,1314.99,Shipped,7331,2016-10-10,2360,Intel Xeon E5-2630 V4,CPU,"Speed:2.2GHz,Cores:10",528.95,647.99,119.04,197248.5
61,P061,90,660.0,Canceled,7332,2016-10-02,2361,Intel Xeon E5-2630 V3,CPU,"Speed:2.4GHz,Cores:8",499.96,629.99,130.03,59400.0
62,P062,116,1449.98,Shipped,7333,2016-10-02,2362,Intel Core i7-4930K,CPU,"Speed:2.4GHz,Cores:8",527.69,624.04,96.35,168197.68
63,P063,106,419.99,Canceled,7334,2016-10-02,2363,Intel Core i7-4790K,CPU,"Speed:3.4GHz,Cores:6",461.92,620.95,159.03,44518.94
64,P064,80,47.88,Pending,7335,2016-10-02,2364,Intel Xeon E5-2640 V2,CPU,"Speed:2.0GHz,Cores:8",545.19,608.95,63.76,3830.4
65,P065,45,417.98,Pending,7336,2016-09-29,2365,Intel Xeon E5-1650 V4,CPU,"Speed:3.6GHz,Cores:6",535.47,601.99,66.52,18809.100000000002
66,P066,74,863.05,Pending,7337,2016-09-29,2366,Intel Xeon E5-1650 V4 (OEM/Tray),CPU,"Speed:3.6GHz,Cores:6",453.14,594.99,141.85,63865.7
67,P067,118,759.99,Shipped,7338,2016-09-29,2367,Intel Xeon E5-2630 V3 (OEM/Tray),CPU,"Speed:2.4GHz,Cores:8",421.9,589.99,168.09,89678.82
68,P068,43,701.95,Canceled,7339,2017-08-24,2368,Intel Xeon E5-2630 V2,CPU,"Cores:6,TDP:80W",493.48,588.95,95.47,30183.850000000002
69,P069,51,892.0,Shipped,7340,2016-08-24,2369,Intel Xeon E5-1650 V3,CPU,"Cores:6,TDP:140W",399.77,564.89,165.12,45492.0
70,P070,73,1999.89,Pending,7341,2015-06-29,2370,Intel Core i7-5930,CPU,"Cores:6,TDP:140W",481.56,554.99,73.43,145991.97
71,P071,46,1666.61,Canceled,7342,2017-06-30,2371,PNY VCQP6000-PB,Video Card,Memory:24GBCore Clock:1.42GHz,4058.99,5499.99,1441.0,76664.06
72,P072,104,358.49,Shipped,7343,2016-06-30,2372,PNY VCQM6000-24GB-PB,Video Card,Chipset:Quadro M6000,3619.14,4139.0,519.86,37282.96
73,P073,49,829.89,Shipped,7344,2015-06-30,2373,PNY VCQM6000-PB,Video Card,Chipset:Quadro M6000,2505.04,3254.99,749.95,40664.61
74,P074,34,749.99,Shipped,7345,2016-06-30,2374,ATI FirePro W9000,Video Card,Chipset:FirePro W9000,2785.55,3192.97,407.42,25499.66
75,P075,123,41.99,Pending,7346,2016-06-21,2375,ATI FirePro S9150,Video Card,Chipset:FirePro S9150,2628.06,3177.44,549.38,5164.77
76,P076,130,97.88,Canceled,7347,2013-06-21,2376,AMD FirePro W9100,Video Card,Chipset:FirePro W9100,2483.38,2998.89,515.51,12724.4
77,P077,73,1199.99,Shipped,7348,2016-06-21,2377,EVGA 12G-P4-3992-KR,Video Card,Chipset:GeForce GTX Titan Z,2313.07,2799.99,486.92,87599.27
78,P078,127,2042.69,Canceled,7349,2016-06-14,2378,AMD 100-505989,Video Card,Chipset:FirePro W9100,2128.67,2699.99,571.32,259421.63
79,P079,70,440.3,Shipped,7350,2016-06-13,2379,PNY VCQK6000-PB,Video Card,Chipset:Quadro K6000,1740.31,2290.79,550.48,30821.0
80,P080,75,349.99,Pending,7351,2017-03-17,2380,PNY VCQP5000-PB,Video Card,Chipset:Quadro P5000,1602.21,2015.11,412.9,26249.25
81,P081,55,525.99,Canceled,7352,2017-02-21,2381,HP C2J95AT,Video Card,Chipset:Quadro K5000,1715.91,1999.89,283.98,28929.45
82,P082,101,1999.89,Shipped,7353,2017-02-21,2382,EVGA 12G-P4-1999-KR,Video Card,Chipset:GeForce GTX Titan X,1328.03,1799.99,471.96,201988.89
83,P083,74,649.99,Canceled,7354,2016-02-17,2383,PNY VCQM5000-PB,Video Card,Chipset:Quadro M5000,1268.42,1759.99,491.57,48099.26
84,P084,114,798.26,Shipped,7355,2016-02-17,2384,ATI FirePro S9050,Video Card,Chipset:FirePro S9050,1237.04,1699.0,461.96,91001.64
85,P085,130,482.49,Pending,7356,2017-02-10,2385,AMD 100-5056062,Video Card,Chipset:Vega Frontier Edition Liquid,1343.84,1499.99,156.15,62723.700000000004
86,P086,72,710.99,Canceled,7357,2017-02-10,2386,PNY VCQK5200-PB,Video Card,Chipset:Quadro K5200,1129.39,1449.98,320.59,51191.28
87,P087,61,647.99,Pending,7358,2017-02-10,2387,AMD FirePro S7000,Video Card,Chipset:FirePro S7000,936.42,1218.5,282.08,39527.39
88,P088,104,149.88,Pending,7359,2017-01-02,2388,AMD 100-506061,Video Card,Chipset:Vega Frontier Edition Liquid,706.99,999.99,293.0,15587.52
89,P089,143,695.99,Shipped,7360,2015-12-14,2389,ATI FirePro R5000,Video Card,Chipset:FirePro R5000,760.59,999.99,239.4,99526.57
90,P090,61,329.99,Shipped,7361,2015-12-01,2390,PNY VCQK4200-PB,Video Card,Chipset:Quadro K4200,799.05,949.89,150.84,20129.39
91,P091,98,1899.99,Shipped,7362,2016-12-01,2391,Asus GTX780TI-3GD5,Video Card,Chipset:GeForce GTX 780 Ti,781.91,899.99,118.08,186199.02
92,P092,57,4139.0,Pending,7363,2016-11-30,2392,MSI GTX 1080 TI LIGHTNING Z,Video Card,Chipset:GeForce GTX 1080 Ti,688.35,873.98,185.63,235923.0
93,P093,146,873.98,Shipped,7364,2017-11-01,2393,Asus ROG-POSEIDON-GTX1080TI-P11G-GAMING,Video Card,Chipset:GeForce GTX 1080 Ti,696.14,864.98,168.84,127601.08
94,P094,146,1704.37,Shipped,7365,2015-10-27,2394,MSI GTX 1080 TI LIGHTNING X,Video Card,Chipset:GeForce GTX 1080 Ti,742.94,863.98,121.04,248838.02
95,P095,101,734.99,Shipped,7366,2015-10-28,2395,Zotac ZT-P10810A-10P,Video Card,Chipset:GeForce GTX 1080 Ti,702.35,849.99,147.64,74233.99
96,P096,120,1699.0,Canceled,7367,2016-10-28,2396,MSI GAMING,Video Card,Chipset:GeForce GTX 780 Ti,753.18,849.99,96.81,203880.0
97,P097,97,83.88,Pending,7368,2015-10-28,2397,Asus STRIX-GTX1080TI-O11G-GAMING,Video Card,Chipset:GeForce GTX 1080 Ti,691.13,829.99,138.86,8136.36
98,P098,73,784.98,Pending,7369,2016-09-19,2398,PNY VCQP4000-PB,Video Card,Chipset:Quadro P4000,725.0,829.89,105.0,57303.54
99,P099,92,713.99,Shipped,7370,2016-09-14,2399,Gigabyte GV-N108TAORUSX W-11GD,Video Card,Chipset:GeForce GTX 1080 Ti,596.05,824.98,228.93,65687.08
100,P100,65,671.38,Shipped,7371,2016-07-12,2400,Zotac ZT-70203-10P,Video Card,Chipset:GeForce GTX 780,580.42,820.61,240.19,43639.7
101,P101,147,2200.0,Canceled,7372,2017-03-18,2401,EVGA 11G-P4-6598-KR,Video Card,Chipset:GeForce GTX 1080 Ti,663.54,809.99,146.45,323400.0
102,P102,145,339.99,Pending,7373,2017-01-07,2402,MSI GTX 1080 TI SEA HAWK X,Video Card,Chipset:GeForce GTX 1080 Ti,691.32,804.98,113.66,49298.55
103,P103,63,1469.96,Shipped,7374,2017-01-05,2403,Corsair CB-9060011-WW,Video Card,Chipset:GeForce GTX 1080 Ti,573.51,799.99,226.48,92607.48
104,P104,133,741.63,Pending,7375,2016-02-08,2404,MSI GTX 1080 TI AERO 11G OC,Video Card,Chipset:GeForce GTX 1080 Ti,715.72,798.26,82.54,98636.79
105,P105,42,2259.99,Canceled,7376,2017-02-01,2405,NVIDIA VCQM4000-PB,Video Card,Chipset:Quadro M4000,682.09,790.0,107.91,94919.57999999999
106,P106,35,88.99,Shipped,7377,2016-11-17,2406,Gigabyte GV-N108TAORUS X-11GD,Video Card,Chipset:GeForce GTX 1080 Ti,688.35,784.98,96.63,3114.6499999999996
107,P107,137,608.95,Shipped,7378,2017-02-20,2407,Gigabyte GV-N1070WF2OC-8GD,Video Card,Chipset:GeForce GTX 1070,551.62,769.99,218.37,83426.15000000001
108,P108,114,588.95,Pending,7379,2017-01-03,2408,MSI GeForce GTX 1080 TI ARMOR 11G OC,Video Card,Chipset:GeForce GTX 1080 Ti,644.19,764.98,120.79,67140.3
109,P109,46,713.99,Shipped,7380,2017-10-15,2409,EVGA 11G-P4-6696-KR,Video Card,Chipset:GeForce GTX 1080 Ti,594.46,759.99,165.53,32843.54
110,P110,123,2377.09,Shipped,7381,2017-04-09,2410,MSI GeForce GTX 1080 Ti GAMING X 11G,Video Card,Chipset:GeForce GTX 1080 Ti,666.59,759.99,93.4,292382.07
111,P111,139,677.99,Pending,7382,2017-08-15,2411,Zotac ZT-P10810C-10P,Video Card,Chipset:GeForce GTX 1080 Ti,535.03,759.99,224.96,94240.61
112,P112,45,339.99,Canceled,7383,2016-12-01,2412,Zotac ZT-P10810D-10P,Video Card,Chipset:GeForce GTX 1080 Ti,580.1,759.99,179.89,15299.550000000001
113,P113,84,1199.99,Pending,7384,2015-04-09,2413,PNY VCGGTX1080T11XGPB-OC,Video Card,Chipset:GeForce GTX 1080 Ti,600.92,759.99,159.07,100799.16
114,P114,89,722.99,Shipped,7385,2017-05-11,2414,Zotac ZT-P10810G-10P,Video Card,Chipset:GeForce GTX 1080 Ti,598.25,754.98,156.73,64346.11
115,P115,114,1199.99,Canceled,7386,2016-12-03,2415,Gigabyte GV-N98TWF3OC-6GD,Video Card,Chipset:GeForce GTX 980 Ti,633.29,749.99,116.7,136798.86000000002
116,P116,70,84.95,Shipped,7387,2016-12-20,2416,PNY VCGGTX780T3XPB-OC,Video Card,Chipset:GeForce GTX 780 Ti,592.12,749.99,157.87,5946.5
117,P117,38,90.99,Pending,7388,2016-08-16,2417,MSI GTX 980 Ti Gaming 6G,Video Card,Chipset:GeForce GTX 980 Ti,539.98,745.32,205.34,3457.62
118,P118,138,1676.98,Shipped,7389,2015-05-02,2418,Gigabyte GV-N108TAORUS-11GD,Video Card,Chipset:GeForce GTX 1080 Ti,605.3,744.98,139.68,231423.24
119,P119,34,267.99,Pending,7390,2016-09-29,2419,EVGA 06G-P4-4998-KR,Video Card,Chipset:GeForce GTX 980 Ti,521.03,741.78,220.75,9111.66
120,P120,39,3192.97,Shipped,7391,2016-12-13,2420,MSI GTX 1080 Ti DUKE 11G OC,Video Card,Memory:11GBCore Clock:1.53GHz,555.07,739.99,184.92,124525.82999999999
121,P121,104,399.99,Shipped,7392,2016-12-02,2421,Crucial,Storage,"Speed:DDR4-2133,Type:288-pin DIMM,CAS:15Module:4x16GBSize:64GB",1139.23,1620.99,481.76,41598.96
122,P122,66,109.99,Shipped,7393,2016-10-27,2422,G.Skill TridentZ RGB,Storage,"Speed:DDR4-3200,Type:288-pin DIMM,CAS:14Module:8x16GBSize:128GB",1330.26,1504.99,174.73,7259.339999999999
123,P123,70,149.88,Shipped,7394,2016-06-14,2423,Corsair Dominator Platinum,Storage,"Speed:DDR4-3200,Type:288-pin DIMM,CAS:16Module:8x16GBSize:128GB",1051.97,1449.99,398.02,10491.6
124,P124,47,699.01,Canceled,7395,2016-06-13,2424,G.Skill Trident Z,Storage,"Speed:DDR4-3200,Type:288-pin DIMM,CAS:14Module:8x16GBSize:128GB",1163.49,1431.99,268.5,32853.47
125,P125,69,1099.99,Shipped,7396,2017-03-17,2425,G.Skill Trident Z RGB,Storage,"Speed:DDR4-3333,Type:288-pin DIMM,CAS:16Module:8x16GBSize:128GB",1174.36,1418.99,244.63,75899.31
126,P126,117,849.99,Pending,7397,2017-02-21,2426,G.Skill Ripjaws V Series,Storage,"Speed:DDR4-3000,Type:288-pin DIMM,CAS:14Module:8x16GBSize:128GB",1139.87,1318.99,179.12,99448.83
127,P127,74,734.99,Shipped,7398,2017-02-21,2427,Corsair Dominator Platinum,Storage,"Speed:DDR4-2800,Type:288-pin DIMM,CAS:15Module:8x16GBSize:128GB",1131.68,1314.99,183.31,54389.26
128,P128,116,443.72,Shipped,7399,2016-02-17,2428,Corsair Vengeance LPX,Storage,"Speed:DDR4-3000,Type:288-pin DIMM,CAS:15Module:8x16GBSize:128GB",912.98,1299.99,387.01,51471.520000000004
129,P129,77,686.99,Pending,7400,2016-02-17,2429,Corsair Dominator Platinum,Storage,"Speed:DDR4-2666,Type:288-pin DIMM,CAS:15Module:8x16GBSize:128GB",1068.66,1264.99,196.33,52898.23
130,P130,65,16.99,Canceled,7401,2017-02-10,2430,Corsair Vengeance LPX,Storage,"Speed:DDR4-2400,Type:288-pin DIMM,CAS:15Module:8x16GBSize:128GB",1019.51,1199.99,180.48,1104.35
131,P131,45,725.99,Shipped,7402,2017-02-10,2431,Corsair Dominator Platinum,Storage,"Speed:DDR4-2400,Type:288-pin DIMM,CAS:15Module:8x16GBSize:128GB",1002.47,1199.99,197.52,32669.55
132,P132,70,824.98,Pending,7403,2017-02-10,2432,Corsair Vengeance LPX,Storage,"Speed:DDR4-2666,Type:288-pin DIMM,CAS:15Module:8x16GBSize:128GB",867.52,1163.99,296.47,57748.6
133,P133,123,68.06,Shipped,7404,2017-01-02,2433,Corsair Vengeance LPX,Storage,"Speed:DDR4-2133,Type:288-pin DIMM,CAS:15Module:8x16GBSize:128GB",821.91,1099.99,278.08,8371.380000000001
134,P134,58,572.96,Shipped,7405,2015-12-14,2434,G.Skill Ripjaws 4 Series,Storage,"Speed:DDR4-2400,Type:288-pin DIMM,CAS:14Module:8x16GBSize:128GB",836.03,1055.99,219.96,33231.68
135,P135,67,1204.98,Pending,7406,2015-12-01,2435,Kingston HyperX Beast,Storage,"Speed:DDR3-1866,Type:240-pin DIMM,CAS:10Module:8x8GBSize:64GB",708.91,863.05,154.14,80733.66
136,P136,106,588.95,Pending,7407,2016-12-01,2436,Crucial,Storage,"Speed:DDR4-2133,Type:288-pin DIMM,CAS:15Module:2x16GBSize:32GB",580.33,811.99,231.66,62428.700000000004
137,P137,62,66.89,Canceled,7408,2016-11-30,2437,Corsair Vengeance Pro,Storage,"Speed:DDR3-2133,Type:240-pin DIMM,CAS:11Module:8x8GBSize:64GB",596.25,808.92,212.67,4147.18
138,P138,78,299.89,Shipped,7409,2017-11-01,2438,Corsair Dominator Platinum,Storage,"Speed:DDR4-3200,Type:288-pin DIMM,CAS:15Module:8x8GBSize:64GB",700.5,804.99,104.49,23391.42
139,P139,146,635.99,Pending,7410,2015-10-27,2439,G.Skill Trident Z RGB,Storage,"Speed:DDR4-3600,Type:288-pin DIMM,CAS:17Module:4x16GBSize:64GB",622.47,799.99,177.52,92854.54000000001
140,P140,45,731.99,Canceled,7411,2015-10-28,2440,Crucial,Storage,"Speed:DDR4-2400,Type:288-pin DIMM,CAS:17Module:1x64GBSize:64GB",604.04,799.0,194.96,32939.55
141,P141,50,948.99,Shipped,7412,2016-06-21,2441,G.Skill Trident Z,Storage,"Speed:DDR4-3600,Type:288-pin DIMM,CAS:17Module:4x16GBSize:64GB",594.04,768.99,174.95,47449.5
142,P142,119,739.99,Shipped,7413,2013-06-21,2442,Crucial,Storage,"Speed:DDR4-2133,Type:288-pin DIMM,CAS:15Module:4x16GBSize:64GB",590.13,766.11,175.98,88058.81
143,P143,77,419.99,Canceled,7414,2016-06-21,2443,G.Skill Trident Z,Storage,"Speed:DDR4-3200,Type:288-pin DIMM,CAS:14Module:8x8GBSize:64GB",647.83,760.99,113.16,32339.23
144,P144,120,721.99,Shipped,7415,2016-06-14,2444,G.Skill Trident Z,Storage,"Speed:DDR4-3200,Type:288-pin DIMM,CAS:14Module:8x8GBSize:64GB",556.8,758.99,202.19,86638.8
145,P145,62,1499.89,Pending,7416,2016-06-13,2445,Corsair Dominator Platinum,Storage,"Speed:DDR4-3466,Type:288-pin DIMM,CAS:16Module:4x16GBSize:64GB",609.89,749.99,140.1,92993.18000000001
146,P146,97,939.49,Canceled,7417,2017-03-17,2446,Kingston,Storage,"Speed:DDR4-2133,Type:288-pin DIMM,CAS:15Module:4x16GBSize:64GB",650.48,741.63,91.15,91130.53
147,P147,33,1249.0,Shipped,7418,2017-02-21,2447,Corsair Vengeance LPX,Storage,"Speed:DDR4-3333,Type:288-pin DIMM,CAS:15Module:4x16GBSize:64GB",609.53,734.99,125.46,41217.0
148,P148,134,710.99,Shipped,7419,2017-02-21,2448,G.Skill Trident Z,Storage,"Speed:DDR4-3400,Type:288-pin DIMM,CAS:16Module:4x16GBSize:64GB",565.39,731.99,166.6,95272.66
149,P149,105,635.99,Shipped,7420,2016-02-17,2449,G.Skill Trident Z,Storage,"Speed:DDR4-3466,Type:288-pin DIMM,CAS:16Module:4x16GBSize:64GB",601.56,725.99,124.43,66778.95
150,P150,129,863.05,Canceled,7421,2016-02-17,2450,G.Skill Trident Z,Storage,"Speed:DDR4-3333,Type:288-pin DIMM,CAS:16Module:4x16GBSize:64GB",532.27,722.99,190.72,111333.45
151,P151,52,1844.89,Pending,7422,2017-02-10,2451,G.Skill Ripjaws V Series,Storage,"Speed:DDR4-3200,Type:288-pin DIMM,CAS:14Module:8x8GBSize:64GB",603.22,721.99,118.77,95934.28
152,P152,108,1249.0,Shipped,7423,2017-02-10,2452,Corsair Dominator Platinum,Storage,"Speed:DDR4-3200,Type:288-pin DIMM,CAS:15Module:4x16GBSize:64GB",616.53,719.99,103.46,134892.0
153,P153,131,635.99,Canceled,7424,2017-02-10,2453,Corsair Dominator Platinum,Storage,"Speed:DDR4-3333,Type:288-pin DIMM,CAS:15Module:4x16GBSize:64GB",538.55,719.99,181.44,83314.69
154,P154,82,1299.73,Shipped,7425,2017-01-02,2454,G.Skill Trident Z,Storage,"Speed:DDR4-3200,Type:288-pin DIMM,CAS:14Module:4x16GBSize:64GB",585.26,713.99,128.73,106577.86
155,P155,66,329.99,Pending,7426,2015-12-14,2455,G.Skill Trident Z,Storage,"Speed:DDR4-3200,Type:288-pin DIMM,CAS:14Module:4x16GBSize:64GB",533.21,713.99,180.78,21779.34
156,P156,112,2699.99,Canceled,7427,2015-12-01,2456,G.Skill Trident Z,Storage,"Speed:DDR4-3200,Type:288-pin DIMM,CAS:15Module:4x16GBSize:64GB",580.21,704.99,124.78,302398.88
157,P157,107,150.99,Pending,7428,2016-12-01,2457,G.Skill Ripjaws V Series,Storage,"Speed:DDR4-3333,Type:288-pin DIMM,CAS:16Module:4x16GBSize:64GB",618.63,704.99,86.36,16155.93
158,P158,98,2009.46,Canceled,7429,2016-11-30,2458,G.Skill Ripjaws V Series,Storage,"Speed:DDR4-3333,Type:288-pin DIMM,CAS:16Module:4x16GBSize:64GB",633.65,704.99,71.34,196927.08000000002
159,P159,89,43.99,Canceled,7430,2017-11-01,2459,Corsair Vengeance LPX,Storage,"Speed:DDR4-3200,Type:288-pin DIMM,CAS:15Module:8x8GBSize:64GB",565.73,699.99,134.26,3915.11
160,P160,70,469.99,Pending,7431,2015-10-27,2460,Corsair Dominator Platinum,Storage,"Speed:DDR4-2800,Type:288-pin DIMM,CAS:15Module:8x8GBSize:64GB",578.46,699.89,121.43,32899.3
161,P161,32,892.0,Canceled,7432,2015-10-28,2461,Corsair Vengeance LPX,Storage,"Speed:DDR4-3333,Type:288-pin DIMM,CAS:15Module:4x16GBSize:64GB",595.42,699.01,103.59,28544.0
162,P162,34,1638.89,Shipped,7433,2016-10-28,2462,G.Skill Ripjaws V Series,Storage,"Speed:DDR4-3200,Type:288-pin DIMM,CAS:14Module:4x16GBSize:64GB",617.62,695.99,78.37,55722.26
163,P163,138,704.99,Shipped,7434,2015-10-28,2463,G.Skill Ripjaws V Series,Storage,"Speed:DDR4-3200,Type:288-pin DIMM,CAS:14Module:4x16GBSize:64GB",577.25,695.99,118.74,97288.62
164,P164,75,16.99,Shipped,7435,2016-09-19,2464,G.Skill Ripjaws V Series,Storage,"Speed:DDR4-3200,Type:288-pin DIMM,CAS:15Module:4x16GBSize:64GB",517.78,686.99,169.21,1274.2499999999998
165,P165,47,1019.99,Shipped,7436,2016-09-14,2465,G.Skill Ripjaws V Series,Storage,"Speed:DDR4-3200,Type:288-pin DIMM,CAS:15Module:4x16GBSize:64GB",546.64,686.99,140.35,47939.53
166,P166,83,704.99,Shipped,7437,2016-07-12,2466,G.Skill Ripjaws V Series,Storage,"Speed:DDR4-3200,Type:288-pin DIMM,CAS:15Module:8x8GBSize:64GB",602.4,680.99,78.59,58514.17
167,P167,40,1388.89,Pending,7438,2017-03-18,2467,G.Skill Ripjaws V Series,Storage,"Speed:DDR4-3000,Type:288-pin DIMM,CAS:14Module:8x8GBSize:64GB",546.05,677.99,131.94,55555.600000000006
168,P168,121,289.79,Pending,7439,2017-01-07,2468,Kingston,Storage,"Speed:DDR3-1333,Type:240-pin DIMM,CAS:9Module:4x16GBSize:64GB",556.84,671.38,114.54,35064.590000000004
169,P169,42,2774.98,Canceled,7440,2017-01-05,2469,Corsair Dominator Platinum,Storage,"Speed:DDR4-2666,Type:288-pin DIMM,CAS:15Module:8x8GBSize:64GB",537.63,659.99,122.36,116549.16
170,P170,66,660.0,Shipped,7441,2016-02-08,2470,Kingston,Storage,"Speed:DDR3-1600,Type:240-pin DIMM,CAS:11Module:4x8GBSize:32GB",566.98,653.5,86.52,43560.0
171,P171,52,829.99,Canceled,7442,2017-02-01,2471,G.Skill Trident X,Storage,"Speed:DDR3-3100,Type:240-pin DIMM,CAS:12Module:2x4GBSize:8GB",507.32,649.99,142.67,43159.48
172,P172,38,1756.0,Pending,7443,2016-11-17,2472,Corsair Vengeance LPX,Storage,"Speed:DDR4-3200,Type:288-pin DIMM,CAS:15Module:4x16GBSize:64GB",571.7,645.99,74.29,66728.0
173,P173,123,1064.99,Canceled,7444,2017-02-20,2473,G.Skill Ripjaws V Series,Storage,"Speed:DDR4-3000,Type:288-pin DIMM,CAS:14Module:4x16GBSize:64GB",499.09,645.99,146.9,130993.77
174,P174,86,338.99,Canceled,7445,2017-02-14,2474,G.Skill Ripjaws V Series,Storage,"Speed:DDR4-2800,Type:288-pin DIMM,CAS:14Module:4x16GBSize:64GB",452.54,645.2,192.66,29153.14
175,P175,74,353.98,Canceled,7446,2017-02-14,2475,Kingston,Storage,"Speed:DDR3-1600,Type:240-pin DIMM,CAS:11Module:4x16GBSize:64GB",474.18,644.0,169.82,26194.52
176,P176,98,1759.99,Pending,7447,2017-01-24,2476,G.Skill Ripjaws V Series,Storage,"Speed:DDR4-3200,Type:288-pin DIMM,CAS:16Module:8x8GBSize:64GB",510.93,640.99,130.06,172479.02
177,P177,136,43.99,Shipped,7448,2016-11-29,2477,G.Skill Ripjaws V Series,Storage,"Speed:DDR4-3000,Type:288-pin DIMM,CAS:15Module:8x8GBSize:64GB",450.36,640.99,190.63,5982.64
178,P178,50,1844.89,Pending,7449,2016-11-29,2478,Kingston,Storage,"Speed:DDR4-3000,Type:288-pin DIMM,CAS:15Module:4x16GBSize:64GB",471.78,635.99,164.21,92244.5
179,P179,71,644.0,Shipped,7450,2016-11-29,2479,Intel DP35DPM,Mother Board,"CPU:LGA775,Form Factor:ATX,RAM Slots:4,Max RAM:8GB",626.22,789.79,163.57,45724.0
180,P180,54,1099.99,Shipped,7451,2017-09-28,2480,Asus X99-E-10G WS,Mother Board,"CPU:LGA2011-3,Form Factor:SSI CEB,RAM Slots:8,Max RAM:128GB",582.02,649.0,66.98,59399.46
181,P181,137,647.99,Pending,7452,2017-09-27,2481,Asus ROG MAXIMUS IX EXTREME,Mother Board,"CPU:LGA1151,Form Factor:EATX,RAM Slots:4,Max RAM:64GB",480.89,573.99,93.1,88774.63
182,P182,35,136.69,Shipped,7453,2016-09-27,2482,Asus RAMPAGE V EXTREME,Mother Board,"CPU:LGA2011-3,Form Factor:EATX,RAM Slots:8,Max RAM:64GB",459.0,572.96,113.96,4784.15
183,P183,47,394.99,Canceled,7454,2017-09-27,2483,Asus Z10PE-D8 WS,Mother Board,"CPU:LGA2011-3 x 2,Form Factor:SSI EEB,RAM Slots:8,Max RAM:512GB",504.14,561.59,57.45,18564.53
184,P184,96,59.99,Pending,7455,2016-08-16,2484,MSI X99A GODLIKE GAMING CARBON,Mother Board,"CPU:LGA2011-3,Form Factor:EATX,RAM Slots:8,Max RAM:128GB",415.0,549.59,134.59,5759.04
185,P185,106,2015.11,Shipped,7456,2016-05-27,2485,Supermicro H8DG6-F,Mother Board,"CPU:G34 x 2,Form Factor:EATX,RAM Slots:16,Max RAM:512GB",416.64,525.99,109.35,213601.66
186,P186,84,2042.69,Canceled,7457,2017-05-27,2486,Asus Rampage V Edition 10,Mother Board,"CPU:LGA2011-3,Form Factor:EATX,RAM Slots:8,Max RAM:128GB",452.5,519.99,67.49,171585.96
187,P187,60,525.99,Pending,7458,2017-05-27,2487,Gigabyte GA-Z270X-Gaming 9,Mother Board,"CPU:LGA1151,Form Factor:EATX,RAM Slots:4,Max RAM:64GB",380.05,503.98,123.93,31559.4
188,P188,127,759.99,Shipped,7459,2016-05-26,2488,Gigabyte X299 AORUS Gaming 9,Mother Board,"CPU:LGA2066,Form Factor:ATX,RAM Slots:8,Max RAM:128GB",395.24,499.99,104.75,96518.73
189,P189,126,417.98,Canceled,7460,2016-09-07,2489,ASRock E3C224D4M-16RE,Mother Board,"CPU:LGA1150,Form Factor:ATX,RAM Slots:4,Max RAM:32GB",364.79,499.99,135.2,52665.48
190,P190,146,1449.98,Pending,7461,2016-09-07,2490,Asus PRIME X299-DELUXE,Mother Board,"CPU:LGA2066,Form Factor:ATX,RAM Slots:8,Max RAM:128GB",409.92,487.3,77.38,211697.08000000002
191,P191,64,402.99,Shipped,7462,2016-08-24,2491,Asus X99-E WS/USB 3.1,Mother Board,"CPU:LGA2011-3,Form Factor:SSI CEB,RAM Slots:8,Max RAM:128GB",428.89,482.49,53.6,25791.36
192,P192,82,3254.99,Canceled,7463,2016-08-16,2492,Supermicro X9SRH-7TF,Mother Board,"CPU:LGA2011,Form Factor:ATX,RAM Slots:8,Max RAM:64GB",411.64,479.99,68.35,266909.18
193,P193,134,704.99,Pending,7464,2017-08-14,2493,Asus Z10PE-D16 WS,Mother Board,"CPU:LGA2011-3 x 2,Form Factor:SSI EEB,RAM Slots:16,Max RAM:1TB",332.52,469.99,137.47,94468.66
194,P194,90,382.98,Shipped,7465,2017-08-12,2494,ASRock X99 Extreme11,Mother Board,"CPU:LGA2011-3,Form Factor:EATX,RAM Slots:8,Max RAM:128GB",380.55,469.99,89.44,34468.200000000004
195,P195,67,1751.99,Shipped,7466,2017-08-12,2495,Supermicro MBD-X10DAX,Mother Board,"CPU:LGA2011-3 x 2,Form Factor:EATX,RAM Slots:16,Max RAM:256GB",385.24,443.72,58.48,117383.33
196,P196,52,525.99,Canceled,7467,2017-03-09,2496,Asus X99-DELUXE/U3.1,Mother Board,"CPU:LGA2011-3,Form Factor:ATX,RAM Slots:8,Max RAM:64GB",332.38,440.3,107.92,27351.48
197,P197,87,660.0,Pending,7468,2017-03-07,2497,Supermicro X11SSL-CF,Mother Board,"CPU:LGA1151,Form Factor:Micro ATX,RAM Slots:4,Max RAM:64GB",317.81,419.99,102.18,57420.0
198,P198,90,1431.99,Shipped,7469,2016-06-12,2498,Asus KGPE-D16,Mother Board,"CPU:G34 x 2,Form Factor:SSI EEB,RAM Slots:16,Max RAM:256GB",360.72,417.98,57.26,128879.1
199,P199,75,299.89,Canceled,7470,2016-09-05,2499,Asus Z10PE-D16,Mother Board,"CPU:LGA2011-3 Narrow x 2,Form Factor:SSI EEB,RAM Slots:16,Max RAM:1TB",293.3,402.99,109.69,22491.75
200,P200,133,343.99,Shipped,7471,2017-09-05,2500,ASRock C2750D4I,Mother Board,"CPU:Atom C2750,Form Factor:Mini ITX,RAM Slots:4,Max RAM:64GB",339.55,401.98,62.43,45750.67
201,P201,56,41.99,Shipped,7472,2017-02-19,2501,Gigabyte X299 AORUS Gaming 7,Mother Board,"CPU:LGA2066,Form Factor:ATX,RAM Slots:8,Max RAM:128GB",283.91,399.99,116.08,2351.44
202,P202,142,89.89,Pending,7473,2015-05-31,2502,MSI X99A GODLIKE GAMING,Mother Board,"CPU:LGA2011-3,Form Factor:EATX,RAM Slots:8,Max RAM:128GB",302.95,399.99,97.04,12764.38
203,P203,77,66.89,Canceled,7474,2016-10-22,2503,MSI X299 GAMING M7 ACK,Mother Board,"CPU:LGA2066,Form Factor:ATX,RAM Slots:8,Max RAM:128GB",278.71,397.42,118.71,5150.53
204,P204,65,645.99,Canceled,7475,2017-05-11,2504,Supermicro MBD-X10DRI-O,Mother Board,"CPU:LGA2011-3 Narrow x 2,Form Factor:EATX,RAM Slots:16,Max RAM:1TB",291.34,394.99,103.65,41989.35
205,P205,96,766.11,Shipped,7476,2015-05-03,2505,Asus MAXIMUS IX FORMULA,Mother Board,"CPU:LGA1151,Form Factor:ATX,RAM Slots:4,Max RAM:64GB",339.12,388.99,49.87,73546.56
206,P206,56,299.89,Canceled,7477,2017-02-20,2506,Asus X99-DELUXE II,Mother Board,"CPU:LGA2011-3,Form Factor:ATX,RAM Slots:8,Max RAM:128GB",289.33,383.98,94.65,16793.84
207,P207,118,47.88,Shipped,7478,2017-02-20,2507,ASRock Fatal1ty X299 Professional Gaming i9,Mother Board,"CPU:LGA2066,Form Factor:ATX,RAM Slots:8,Max RAM:128GB",287.5,382.98,95.48,5649.84
208,P208,102,97.88,Shipped,7479,2016-10-10,2508,ASRock EP2C612 WS,Mother Board,"CPU:LGA2011-3 x 2,Form Factor:SSI EEB,RAM Slots:8,Max RAM:64GB",308.84,358.49,49.65,9983.76
209,P209,89,88.99,Pending,7480,2016-10-10,2509,ASRock Z270 SuperCarrier,Mother Board,"CPU:LGA1151,Form Factor:ATX,RAM Slots:4,Max RAM:64GB",264.35,353.98,89.63,7920.11
210,P210,33,713.99,Canceled,7481,2016-10-02,2510,Asus MAXIMUS VIII EXTREME/ASSEMBLY,Mother Board,"CPU:LGA1151,Form Factor:EATX,RAM Slots:4,Max RAM:64GB",253.41,353.98,100.57,23561.670000000002
211,P211,131,338.99,Shipped,7482,2016-10-02,2511,Asus STRIX X299-E GAMING,Mother Board,"CPU:LGA2066,Form Factor:ATX,RAM Slots:8,Max RAM:128GB",306.0,349.99,43.99,44407.69
212,P212,86,678.75,Pending,7483,2016-10-02,2512,Gigabyte X299 AORUS Ultra Gaming,Mother Board,"CPU:LGA2066,Form Factor:ATX,RAM Slots:8,Max RAM:128GB",287.78,343.99,56.21,58372.5
213,P213,94,3192.97,Shipped,7484,2016-10-02,2513,Asus TUF X299 MARK 1,Mother Board,"CPU:LGA2066,Form Factor:ATX,RAM Slots:8,Max RAM:128GB",241.15,339.99,98.84,300139.18
214,P214,86,353.98,Canceled,7485,2016-09-29,2514,Asus Z170-WS,Mother Board,"CPU:LGA1151,Form Factor:ATX,RAM Slots:4,Max RAM:64GB",279.4,338.99,59.59,30442.280000000002
215,P215,99,1199.99,Pending,7486,2016-09-29,2515,MSI X299 GAMING PRO CARBON AC,Mother Board,"CPU:LGA2066,Form Factor:ATX,RAM Slots:8,Max RAM:128GB",238.8,337.81,99.01,118799.01
216,P216,110,1759.99,Pending,7487,2016-09-29,2516,MSI X99A XPOWER GAMING TITANIUM,Mother Board,"CPU:LGA2011-3,Form Factor:EATX,RAM Slots:8,Max RAM:128GB",257.23,329.99,72.76,193598.9
217,P217,73,704.99,Shipped,7488,2017-08-24,2517,Asus ROG STRIX X99 GAMING,Mother Board,"CPU:LGA2011-3,Form Factor:ATX,RAM Slots:8,Max RAM:128GB",255.86,319.99,64.13,51464.270000000004
218,P218,105,699.89,Shipped,7489,2016-08-24,2518,FEVGA 12G-P4-3992-KR,Mother Board,"CPU:LGA2011-3,Form Factor:ATX,RAM Slots:8,Max RAM:64GB",252.57,312.67,60.1,73488.45
219,P219,144,1073.99,Pending,7490,2015-06-29,2519,Asus PRIME X299-A,Mother Board,"CPU:LGA2066,Form Factor:ATX,RAM Slots:8,Max RAM:128GB",274.56,309.85,35.29,154654.56
220,P220,59,283.98,Shipped,7491,2017-06-30,2520,Gigabyte GA-X99-UD5 WIFI,Mother Board,"CPU:LGA2011-3,Form Factor:EATX,RAM Slots:8,Max RAM:64GB",217.83,305.0,87.0,16754.82
221,P221,35,731.99,Shipped,7492,2016-06-30,2521,ASRock EP2C602-4L/D16,Mother Board,"CPU:LGA2011 x 2,Form Factor:SSI EEB,RAM Slots:16,Max RAM:512GB",225.47,301.99,76.52,25619.65
222,P222,35,234.0,Canceled,7493,2015-06-30,2522,MSI Z170A KRAIT GAMING 3X,Mother Board,"CPU:LGA1151,Form Factor:ATX,RAM Slots:4,Max RAM:64GB",245.4,299.89,54.49,8190.0
223,P223,94,1010.46,Shipped,7494,2016-06-30,2523,MSI Z170 Krait Gaming,Mother Board,"CPU:LGA1151,Form Factor:ATX,RAM Slots:4,Max RAM:64GB",231.58,299.89,68.31,94983.24
224,P224,50,899.99,Shipped,7495,2016-06-21,2524,MSI Z170A KRAIT GAMING,Mother Board,"CPU:LGA1151,Form Factor:ATX,RAM Slots:4,Max RAM:64GB",262.4,299.89,37.49,44999.5
225,P225,112,579.99,Pending,7496,2013-06-21,2525,Asus MAXIMUS IX CODE,Mother Board,"CPU:LGA1151,Form Factor:ATX,RAM Slots:4,Max RAM:64GB",266.15,298.98,32.83,64958.880000000005
226,P226,75,1055.99,Pending,7497,2016-06-21,2526,Asus Sabertooth 990FX,Mother Board,"CPU:AM3+,Form Factor:ATX,RAM Slots:4,Max RAM:32GB",252.31,295.72,43.41,79199.25
227,P227,145,443.64,Shipped,7498,2016-06-14,2527,MSI X99A WORKSTATION,Mother Board,"CPU:LGA2011-3,Form Factor:ATX,RAM Slots:8,Max RAM:128GB",239.95,289.97,50.02,64327.799999999996
228,P228,143,52.65,Shipped,7499,2016-06-13,2528,Intel DG43RK,Mother Board,"CPU:LGA775,Form Factor:Micro ATX,RAM Slots:4,Max RAM:8GB",219.69,289.79,70.1,7528.95
229,P229,134,1899.99,Canceled,7500,2017-03-17,2529,Asus VANGUARD B85,Mother Board,"CPU:LGA1150,Form Factor:Micro ATX,RAM Slots:4,Max RAM:32GB",258.1,287.0,28.9,254598.66
230,P230,143,1388.89,Pending,7501,2017-02-21,2530,EVGA Z270 Classified K,Mother Board,"CPU:LGA1151,Form Factor:EATX,RAM Slots:4,Max RAM:64GB",234.26,283.98,49.72,198611.27000000002
231,P231,119,768.99,Pending,7502,2017-02-21,2531,EVGA Classified,Mother Board,"CPU:LGA2011-3,Form Factor:EATX,RAM Slots:8,Max RAM:128GB",240.62,283.98,43.36,91509.81
232,P232,76,731.99,Canceled,7503,2016-02-17,2532,MSI Z270 XPOWER GAMING TITANIUM,Mother Board,"CPU:LGA1151,Form Factor:ATX,RAM Slots:4,Max RAM:64GB",212.69,282.98,70.29,55631.24
233,P233,45,329.99,Shipped,7504,2016-02-17,2533,ASRock X299 Taichi,Mother Board,"CPU:LGA2066,Form Factor:ATX,RAM Slots:8,Max RAM:128GB",214.36,282.98,68.62,14849.550000000001
234,P234,119,117.45,Canceled,7505,2017-02-10,2534,MSI X299 TOMAHAWK ARCTIC,Mother Board,"CPU:LGA2066,Form Factor:ATX,RAM Slots:8,Max RAM:128GB",223.92,281.98,58.06,13976.550000000001
235,P235,89,349.99,Canceled,7506,2017-02-10,2535,Supermicro X10SAT-O,Mother Board,"CPU:LGA1150,Form Factor:ATX,RAM Slots:4,Max RAM:32GB",207.08,281.97,74.89,31149.11
236,P236,83,1418.99,Pending,7507,2017-02-10,2536,Gigabyte X299 AORUS Gaming 3,Mother Board,"CPU:LGA2066,Form Factor:ATX,RAM Slots:8,Max RAM:128GB",227.48,280.98,53.5,117776.17
237,P237,61,769.99,Shipped,7508,2017-01-02,2537,Supermicro MBD-X10DAL-I-O,Mother Board,"CPU:LGA2011-3 x 2,Form Factor:ATX,RAM Slots:8,Max RAM:512GB",239.28,279.99,40.71,46969.39
238,P238,134,127.88,Shipped,7509,2015-12-14,2538,Western Digital WD10EZEX,Storage,"Series:Caviar Blue,Type:7200RPM,Capacity:1TB,Cache:64MB",35.83,47.88,12.05,17135.92
239,P239,48,2501.69,Shipped,7510,2015-12-01,2539,Seagate ST2000DM006,Storage,"Series:Barracuda,Type:7200RPM,Capacity:2TB,Cache:64MB",47.93,66.89,18.96,120081.12
240,P240,45,399.99,Canceled,7511,2016-12-02,2540,Samsung MZ-75E250B/AM,Storage,"Series:850 EVO-Series,Type:SSD,Capacity:250GB,Cache:N/A",87.98,104.88,16.9,17999.55
241,P241,87,1029.99,Canceled,7512,2016-10-27,2541,Samsung MZ-75E500B/AM,Storage,"Series:850 EVO-Series,Type:SSD,Capacity:500GB,Cache:N/A",157.81,178.09,20.28,89609.13
242,P242,40,104.88,Pending,7513,2017-10-27,2542,SanDisk SDSSDA-240G-G26,Storage,"Series:SSD PLUS,Type:SSD,Capacity:240GB,Cache:N/A",61.1,83.88,22.78,4195.2
243,P243,62,319.99,Pending,7514,2016-12-14,2543,Samsung MZ-V6E250,Storage,"Series:960 EVO,Type:SSD,Capacity:250GB,Cache:512MB",92.98,127.88,34.9,19839.38
244,P244,70,289.79,Canceled,7515,2016-12-13,2544,SA400S37/120G,Storage,"Series:A400,Type:SSD,Capacity:120GB,Cache:N/A",40.63,54.99,14.36,20285.300000000003
245,P245,82,1274.99,Pending,7516,2015-04-26,2545,Samsung MZ-75E1T0B/AM,Storage,"Series:850 EVO-Series,Type:SSD,Capacity:1TB,Cache:N/A",260.23,339.99,79.76,104549.18000000001
246,P246,133,4139.0,Shipped,7517,2017-04-26,2546,Samsung MZ-V6E500,Storage,"Series:960 EVO,Type:SSD,Capacity:500GB,Cache:512MB",209.62,234.0,24.38,550487.0
247,P247,42,109.99,Canceled,7518,2015-04-09,2547,Seagate ST3000DM008,Storage,"Series:Barracuda,Type:7200RPM,Capacity:3TB,Cache:64MB",61.63,83.61,21.98,4619.58
248,P248,57,309.85,Shipped,7519,2017-02-15,2548,Western Digital WDS250G1B0A,Storage,"Series:Blue,Type:SSD,Capacity:250GB,Cache:N/A",72.54,89.89,17.35,17661.45
249,P249,44,319.99,Pending,7520,2017-02-14,2549,ADATA ASU800SS-128GT-C,Storage,"Series:Ultimate SU800,Type:SSD,Capacity:128GB,Cache:N/A",37.78,52.65,14.87,14079.560000000001
250,P250,61,305.0,Pending,7521,2017-02-14,2550,Seagate ST1000DM010,Storage,"Series:BarraCuda,Type:7200RPM,Capacity:1TB,Cache:64MB",42.18,49.37,7.19,18605.0
251,P251,80,1199.99,Canceled,7522,2017-01-24,2551,Samsung MZ-75E4T0B,Storage,"Series:850 EVO,Type:SSD,Capacity:4TB,Cache:4GB",1153.64,1499.99,346.35,95999.2
252,P252,92,1449.98,Shipped,7523,2016-11-29,2552,Intel SSDPECME040T401,Storage,"Series:DC P3608,Type:SSD,Capacity:4TB,Cache:N/A",7123.66,7123.66,0.0,133398.16
253,P253,95,89.99,Shipped,7524,2016-11-29,2553,Western Digital WD2003FZEX,Storage,"Series:BLACK SERIES,Type:7200RPM,Capacity:2TB,Cache:64MB",7123.66,7123.66,0.0,8549.05
254,P254,139,1199.99,Pending,7525,2016-11-29,2554,Samsung MZ-V6P512BW,Storage,"Series:960 PRO,Type:SSD,Capacity:512GB,Cache:512MB",7123.66,7123.66,0.0,166798.61000000002
255,P255,32,419.99,Canceled,7526,2017-09-28,2555,Hitachi HUS724030ALE641,Storage,"Series:Ultrastar 7K4000,Type:7200RPM,Capacity:3TB,Cache:64MB",7123.66,7123.66,0.0,13439.68
256,P256,137,620.95,Shipped,7527,2017-09-27,2556,Samsung MZ-V6P2T0BW,Storage,"Series:960 Pro,Type:SSD,Capacity:2TB,Cache:2GB",7123.66,7123.66,0.0,85070.15000000001
257,P257,67,401.98,Canceled,7528,2016-09-27,2557,Seagate ST10000DM0004,Storage,"Series:BarraCuda Pro,Type:7200RPM,Capacity:10TB,Cache:256MB",7123.66,7123.66,0.0,26932.66
258,P258,72,811.99,Pending,7529,2017-09-27,2558,ADATA ASU800SS-512GT-C,Storage,"Series:Ultimate SU800,Type:SSD,Capacity:512GB,Cache:N/A",7123.66,7123.66,0.0,58463.28
259,P259,59,487.3,Pending,7530,2016-08-16,2559,Samsung MZ-V6E1T0,Storage,"Series:960 EVO,Type:SSD,Capacity:1TB,Cache:1000MB",7123.66,7123.66,0.0,28750.7
260,P260,80,136.69,Canceled,7531,2016-05-27,2560,Western Digital WD1003FZEX,Storage,"Series:BLACK SERIES,Type:7200RPM,Capacity:1TB,Cache:64MB",7123.66,7123.66,0.0,10935.2
261,P261,49,57.98,Shipped,7532,2017-05-27,2561,SanDisk SDSSDA-120G-G26,Storage,"Series:SSD PLUS,Type:SSD",7123.66,7123.66,0.0,2841.02
262,P262,86,2799.99,Shipped,7533,2017-05-27,2562,Crucial CT525MX300SSD1,Storage,"Series:MX300,Type:SSD,Capacity:525GB,Cache:N/A",7123.66,7123.66,0.0,240799.13999999998
263,P263,148,829.89,Shipped,7534,2016-05-26,2563,Hitachi A7K1000-1000,Storage,"Series:Ultrastar,Type:7200RPM,Capacity:1TB,Cache:32MB",7123.66,7123.66,0.0,122823.72
264,P264,104,88.99,Shipped,7535,2016-09-07,2564,Samsung MZ-V6P1T0BW,Storage,"Series:960 Pro,Type:SSD,Capacity:1TB,Cache:1GB",7123.66,7123.66,0.0,9254.96
265,P265,122,741.78,Canceled,7536,2016-09-07,2565,Samsung MZ-7KE256BW,Storage,"Series:850 Pro Series,Type:SSD,Capacity:256GB,Cache:N/A",7123.66,7123.66,0.0,90497.16
266,P266,70,1449.98,Pending,7537,2016-08-24,2566,Seagate ST2000DX002,Storage,"Series:FireCuda,Type:Hybrid,Capacity:2TB,Cache:64MB",7123.66,7123.66,0.0,101498.6
267,P267,138,2377.09,Shipped,7538,2016-08-16,2567,Western Digital WD5000AACS,Storage,"Series:Caviar Green,Type:5400RPM,Capacity:500GB,Cache:16MB",7123.66,7123.66,0.0,328038.42000000004
268,P268,125,2200.0,Canceled,7539,2017-08-14,2568,SanDisk SDSSDHII-240G-G25,Storage,"Series:Ultra II,Type:SSD,Capacity:240GB,Cache:N/A",7123.66,7123.66,0.0,275000.0
269,P269,71,417.98,Pending,7540,2017-08-12,2569,PNY SSD7CS1311-120-RB,Storage,"Series:CS1311,Type:SSD,Capacity:120GB,Cache:N/A",7123.66,7123.66,0.0,29676.58
270,P270,117,713.99,Shipped,7541,2017-08-12,2570,PNY SSD9SC240GMDA-RB,Storage,"Series:XLR8,Type:SSD,Capacity:240GB,Cache:N/A",7123.66,7123.66,0.0,83536.83
271,P271,125,1899.99,Canceled,7542,2017-03-09,2571,Crucial CT1050MX300SSD1,Storage,"Series:MX300,Type:SSD,Capacity:1.1TB,Cache:N/A",7123.66,7123.66,0.0,237498.75
272,P272,130,1314.99,Canceled,7543,2017-03-07,2572,Western Digital WDS250G1B0B,Storage,"Series:Blue,Type:SSD,Capacity:250GB,Cache:N/A",7123.66,7123.66,0.0,170948.7
273,P273,115,2998.89,Pending,7544,2016-06-12,2573,Samsung MZ-75E120B/AM,Storage,"Series:850 EVO-Series,Type:SSD,Capacity:120GB,Cache:N/A",74.41,88.99,14.58,344872.35
274,P274,56,1073.99,Shipped,7545,2016-09-05,2574,Western Digital WDS500G1B0B,Storage,"Series:Blue,Type:SSD,Capacity:500GB,Cache:N/A",106.89,149.88,42.99,60143.44
275,P275,99,2554.99,Shipped,7546,2017-09-05,2575,Hitachi HUA723020ALA640,Storage,"Series:Ultrastar 7K3000,Type:7200RPM,Capacity:2TB,Cache:64MB",45.18,59.99,14.81,252944.00999999998
276,P276,87,620.95,Canceled,7547,2017-02-19,2576,Western Digital WD2500AVVS,Storage,"Series:AV-GP,Type:5400RPM,Capacity:250GB,Cache:8MB",12.63,15.55,2.92,54022.65
277,P277,138,686.99,Shipped,7548,2015-05-31,2577,Seagate ST1000DX002,Storage,"Series:FireCuda,Type:Hybrid,Capacity:1TB,Cache:64MB",55.41,68.06,12.65,94804.62
278,P278,106,1504.99,Canceled,7549,2016-10-22,2578,Crucial CT275MX300SSD1,Storage,"Series:MX300,Type:SSD,Capacity:275GB,Cache:N/A",79.21,97.88,18.67,159528.94
279,P279,76,721.99,Pending,7550,2017-05-11,2579,Seagate ST31000340NS - FFP,Storage,"Series:Barracuda ES,Type:7200RPM,Capacity:1TB,Cache:32MB",34.4,43.99,9.59,54871.24
280,P280,126,579.99,Pending,7551,2015-05-03,2580,Western Digital WD101KRYZ,Storage,"Series:Gold,Type:7200RPM,Capacity:10TB,Cache:256MB",313.96,443.64,129.68,73078.74
281,P281,106,295.72,Canceled,7552,2017-02-20,2581,Crucial CT525MX300SSD4,Storage,"Series:MX300,Type:SSD,Capacity:525GB,Cache:N/A",121.92,150.99,29.07,31346.320000000003
282,P282,75,397.42,Shipped,7553,2017-02-20,2582,Western Digital WD2500AAJS,Storage,"Series:Caviar Blue,Type:7200RPM,Capacity:250GB,Cache:8MB",15.23,16.99,1.76,29806.5
283,P283,86,1388.89,Pending,7554,2016-10-10,2583,Western Digital WD20EZRZ,Storage,"Series:Blue,Type:5400RPM,Capacity:2TB,Cache:64MB",58.01,67.34,9.33,119444.54000000001
284,P284,80,645.99,Shipped,7555,2016-10-10,2584,Western Digital WDS256G1X0C,Storage,"Series:Black PCIe,Type:SSD,Capacity:256GB,Cache:N/A",85.87,109.99,24.12,51679.2
285,P285,131,645.99,Shipped,7556,2016-10-02,2585,SanDisk SDSSDHII-480G-G25,Storage,"Series:Ultra II,Type:SSD,Capacity:480GB,Cache:N/A",102.62,141.56,38.94,84624.69
286,P286,121,1431.99,Canceled,7557,2016-10-02,2586,Kingston  SV300S37A/120G,Storage,"Series:SSDNow V300 Series,Type:SSD,Capacity:120GB,Cache:N/A",45.93,59.87,13.94,173270.79
287,P287,63,479.99,Pending,7558,2016-10-02,2587,Kingston (KVR800D2N6/2G) DDR2 2GB,RAM,"Series:DIMM, Type:DDR2,Capacity:2GB,Frequency:800Mhz",760.0,950.0,190.0,30239.37
288,P288,82,863.98,Shipped,7559,2016-10-02,2588,Hynix Genuine (H15201504-11) 4 GB DDR3,RAM,"Series:Genuine, Type:DDR3, Capacity:4GB, Frequency:N/A",1365.0,1575.0,210.0,70846.36
289,P289,41,645.99,Canceled,7560,2016-09-29,2589,HP (500203-061) 4GB DDR3,RAM,"Series:N/A, Type:DDR3, Capacity:4GB, Frequency:N/A",2980.0,3172.0,192.0,26485.59
290,P290,118,54.99,Canceled,7561,2016-09-29,2590,Corsair Vengeance LPX (CMK8GX4M1A2400C16R) 8GB,RAM,"Series:16-16-16-39, Type:DDR4, Capacity:8GB, Frequency:2400Mhz",5790.0,5990.0,200.0,6488.820000000001
291,P291,133,1199.99,Pending,7562,2016-09-29,2591,Hynix (H15201504-8) Genuine DDR2 2 GB,RAM,"Series:Genuine, Type:DDR2, Capacity:2GB, Frequency:N/A",299.0,499.0,200.0,159598.67
292,P292,80,1805.97,Shipped,7563,2017-08-24,2592,Hynix 1333FSB 4GB DDR3,RAM,"Series:N/A, Type:DDR3, Capacity:4GB, Frequency:N/A",1565.0,1790.0,225.0,144477.6
293,P293,71,739.99,Pending,7564,2016-08-24,2593,Kingston HyperX FURY (HX318C10F/4) DDR3 4GB,RAM,"Series:HyperX FURY Memory, Type:DDR3, Capacity:4GB, Frequency:N/A",2425.0,2625.0,200.0,52539.29
294,P294,46,80.72,Shipped,7565,2015-06-29,2594,Simmtronics 2GB DDR2 667Mhz,RAM,"Series:N/A, Type:DDR2, Capacity:2GB, Frequency:667Mhz",465.0,699.0,234.0,3713.12
295,P295,120,338.99,Canceled,7566,2017-06-30,2595,Samsung (M378T5263AZ3) 2GB DDR2,RAM,"Series:Original, Type:DDR2, Capacity:2GB, Frequency:N/A",1165.0,1390.0,225.0,40678.8
296,P296,59,1908.73,Pending,7567,2016-06-30,2596,Transcend (JM1333KLN-4G) DDR3 4GB,RAM,"Series:DDR3-1333, Type:DDR3, Capacity:4GB, Frequency:166Mhz",2756.0,2996.0,240.0,112615.07
297,P297,80,1029.99,Shipped,7568,2015-06-30,2597,Kingston (KVR1333D3N9/4G) DDR3 4GB,RAM,"Series:KVR, Type:DDR3, Capacity:4GB, Frequency:N/A",1850.0,2100.0,250.0,82399.2
298,P298,51,2377.09,Shipped,7569,2016-06-30,2598,Adata Premier (AD3U1600C2G11-R) 2GB DDR3,RAM,"Series:premier, Type:DDR3, Capacity:2GB, Frequency:N/A",925.0,1190.0,265.0,121231.59000000001
299,P299,45,41.99,Shipped,7570,2016-06-21,2599,Corsair Vengeance LPX (CMK16GX4M2B3000C15B) 16GB,RAM,"Series:N/A, Type:DDR3, Capacity:16GB, Frequency:N/A",13250.0,14999.0,1749.0,1889.5500000000002
300,P300,122,699.89,Canceled,7571,2013-06-21,2600,Kingston (KVR800D2N6K2) 4GB (2 x 2 GB) DDR2,RAM,"Series:N/A, Type:DDR2, Capacity:4GB, Frequency:N/A",1829.0,2050.0,221.0,85386.58
301,P301,99,800.74,Pending,7572,2016-06-21,2601,Simmtronics 2GB DDR2 800Mhz,RAM,"Series:Genuine, Type:DDR2, Capacity:2GB, Frequency:800Mhz",585.0,695.0,110.0,79273.26
302,P302,137,57.98,Shipped,7573,2016-06-14,2602,Kingston (KVR1333D3N9/2G) DDR3 2GB,RAM,"Series:DDR, Type:DDR3, Capacity:2GB, Frequency:133Mhz",799.0,999.0,200.0,7943.259999999999
303,P303,37,267.99,Canceled,7574,2016-06-13,2603,Adata XPG (AX3U1600W4G11-RD) 4GB,RAM,"Series:N/A, Type:DDR3, Capacity:4GB, Frequency:N/A",2399.0,2499.0,100.0,9915.630000000001
304,P304,130,2998.89,Shipped,7575,2017-03-17,2604,Kingston Fury (HX316C10FB/8) 8 GB,RAM,"Series:HyperXFury, Type:DDR3, Capacity:8GB, Frequency:1866Mhz",4150.0,4350.0,200.0,389855.7
305,P305,87,1064.99,Shipped,7576,2017-02-21,2605,Hynix (H15201504-9) Genuine DDR3 2 GB,RAM,"Series:HynixGenuine, Type:DDR3, Capacity:2GB, Frequency:N/A",485.0,590.0,105.0,92654.13
306,P306,149,1199.99,Pending,7577,2017-02-21,2606,G.Skill TridentX (F3-2400C10D-8GTX) DDR3 8GB,RAM,"Series:TridentX, Type:DDR3, Capacity:8GB, Frequency:1600Mhz",12578.0,14540.0,1962.0,178798.51
307,P307,149,2064.99,Canceled,7578,2016-02-17,2607,G.Skill RipjawsX (F3-1600C9Q-32GXM) DDR3 32 GB,RAM,"Series:RipjawX, Type:DDR3, Capacity:32GB, Frequency:1600Mhz",75410.0,78180.0,2770.0,307683.50999999995
308,P308,83,312.67,Pending,7579,2016-02-17,2608,Transcend JetRam (JM1600KLH-8G) DDR3 8GB,RAM,"Series:Jetram, Type:DDR3, Catrapacity:8GB, Frequency:1600Mhz",3250.0,3570.0,320.0,25951.61
309,P309,94,999.99,Canceled,7580,2017-02-10,2609,Kingston HyperX FURY (HX318C10F/8) DDR3 8GB,RAM,"Series:HyperXFury, Type:DDR3, Capacity:8GB, Frequency:N/A",4210.0,4540.0,330.0,93999.06
310,P310,79,267.99,Pending,7581,2017-02-10,2610,Kingston HyperX FURY (HX316C10FR/8) DDR3 8GB,RAM,"Series:HyperXFury, Type:DDR3, Capacity:8GB, Frequency:1866Mhz",4254.0,4350.0,96.0,21171.21
311,P311,114,1850.0,Shipped,7582,2017-02-10,2611,Transcend JetRam (JM1600KLH-4G) DDR3 4GB,RAM,"Series:Jetram, Type:DDR3, Capacity:4GB, Frequency:N/A",4154.0,4245.0,91.0,210900.0
312,P312,143,789.79,Shipped,7583,2017-01-02,2612,Transcend TS512MLK64V3N DDR3 4GB,RAM,"Series:N/A, Type:DDR3, Capacity:4GB, Frequency:1333Mhz",4250.0,4500.0,250.0,112939.97
313,P313,117,671.38,Canceled,7584,2015-12-14,2613,Transcend (TS512MLK64W6H) DDR3 4GB,RAM,"Series:N/A, Type:DDR3, Capacity:4GB, Frequency:1600Mhz",2300.0,2549.0,249.0,78551.46
314,P314,114,677.99,Canceled,7585,2015-12-01,2614,Hynix 6671G DDR2 1GB,RAM,"Series:Genuine, Type:DDR2, Capacity:1GB, Frequency:N/A",330.0,330.0,0.0,77290.86
315,P315,129,564.89,Pending,7586,2016-12-01,2615,Kingston ValueRAM (KVR1333D3N9/8G) 8 GB DDR3,RAM,"Series:N/A, Type:DDR3, Capacity:4GB, Frequency:1333Mhz",3800.0,4150.0,350.0,72870.81
316,P316,150,849.99,Pending,7587,2016-11-30,2616,Zion ZHY16004096 4 GB Ddr3,RAM,"Series:ZHY, Type:DDR3, Capacity:4GB, Frequency:N/A",2550.0,2700.0,150.0,127498.5
317,P317,58,1499.89,Canceled,7588,2017-11-01,2617,Kingston KVR (KVR16N11/8-SP) 8 GB DDR3,RAM,"Series:KVR, Type:DDR3, Capacity:8GB, Frequency:N/A",3400.0,3698.0,298.0,86993.62000000001
318,P318,61,1751.99,Shipped,7589,2015-10-27,2618,Hynix (HYMD2GB) 2GB DDR2,RAM,"Series:2, Type:DDR2, Capacity:2GB, Frequency:N/A",498.0,498.0,0.0,106871.39
319,P319,37,519.99,Pending,7590,2015-10-28,2619,Silicon Power (SP008GBLFU240B02) 8GB DDR4,RAM,"Series:Genuine, Type:DDR4, Capacity:8GB, Frequency:N/A",3100.0,3599.0,499.0,19239.63
320,P320,133,749.99,Shipped,7591,2017-02-20,2620,A-DATA (AX4U300038G16-SRS) 8GB DDR4,RAM,"Series:Genuine, Type:DDR4, Capacity:8GB, Frequency:4000Mhz",5000.0,6990.0,1990.0,99748.67
321,P321,37,999.99,Shipped,7592,2017-01-03,2621,Intel Xeon E5-2697 V2,CPU,"Speed:2.7GHz,Cores:12,TDP:130W",2101.59,2377.09,275.5,36999.63
322,P322,121,119.99,Canceled,7593,2017-10-15,2622,Intel Xeon E5-2695 V4,CPU,"Speed:2.1GHz,Cores:18,TDP:120W",1780.35,2269.99,489.64,14518.789999999999
323,P323,55,49.37,Pending,7594,2017-04-09,2623,Intel Xeon E5-2695 V2,CPU,"Speed:2.4GHz,Cores:12,TDP:115W",1793.53,2259.99,466.46,2715.35
324,P324,111,1073.99,Canceled,7595,2017-08-15,2624,Intel Xeon E5-2643 V2 (OEM/Tray),CPU,"Speed:3.5GHz,Cores:6",1940.18,2200.0,259.82,119212.89
325,P325,133,564.89,Shipped,7596,2016-12-01,2625,Intel Xeon E5-2690 (OEM/Tray),CPU,"Speed:2.9GHz,Cores:8",1888.33,2116.72,228.39,75130.37
326,P326,95,640.99,Canceled,7597,2015-04-09,2626,Intel Xeon E5-2687W V3,CPU,"Speed:3.1GHz,Cores:10,TDP:160W",1781.47,2064.99,283.52,60894.05
327,P327,39,1055.99,Shipped,7598,2017-05-11,2627,Intel Xeon E5-2687W V4,CPU,"Speed:3.0GHz,Cores:12,TDP:160W",1723.83,2042.69,318.86,41183.61
328,P328,46,525.99,Canceled,7599,2016-12-03,2628,Intel Xeon E5-2667 V3 (OEM/Tray),CPU,"Speed:3.2GHz,Cores:8,TDP:135W",1504.08,2009.46,505.38,24195.54
329,P329,77,443.72,Pending,7600,2016-12-20,2629,Intel Xeon E5-2690 V4,CPU,"Speed:2.6GHz,Cores:14,TDP:135W",1499.26,1994.49,495.23,34166.44
330,P330,114,745.32,Shipped,7601,2016-08-16,2630,Intel Xeon E5-2690 V3,CPU,"Speed:2.6GHz,Cores:12,TDP:135W",1540.35,1908.73,368.38,84966.48000000001
331,P331,60,645.2,Shipped,7602,2015-05-02,2631,Intel Xeon E5-2470V2,CPU,"Speed:2.4GHz,Cores:10,TDP:95W",1671.95,1904.7,232.75,38712.0
332,P332,87,449.99,Canceled,7603,2016-09-29,2632,Intel Xeon E5-2683 V4,CPU,"Speed:2.1GHz,Cores:16,TDP:120W",1706.95,1899.99,193.04,39149.13
333,P333,92,136.69,Shipped,7604,2016-12-13,2633,Intel Xeon E5-2637 V2 (OEM/Tray),CPU,"Speed:3.5GHz,Cores:4,TDP:130W",1323.12,1850.0,526.88,12575.48
334,P334,83,2116.72,Pending,7605,2016-12-02,2634,Intel Xeon E5-2683 V4 (OEM/Tray),CPU,"Speed:2.1GHz,Cores:16,TDP:120W",1369.83,1844.89,475.06,175687.75999999998
335,P335,106,644.0,Canceled,7606,2016-10-27,2635,Intel Core i7-4960X Extreme Edition,CPU,"Speed:3.6GHz,Cores:6,TDP:130W",1496.43,1805.97,309.54,68264.0
336,P336,43,16.99,Shipped,7607,2016-06-14,2636,Intel Xeon E5-2699 V4 (OEM/Tray),CPU,"Speed:2.2GHz,Cores:22,TDP:145W",1535.62,1756.0,220.38,730.5699999999999
337,P337,74,731.99,Canceled,7608,2016-06-13,2637,Intel Xeon E5-1680 V3 (OEM/Tray),CPU,"Speed:3.2GHz,Cores:8,TDP:140W",1519.85,1751.99,232.14,54167.26
338,P338,85,479.99,Pending,7609,2017-03-17,2638,Intel Xeon E5-2643 V4 (OEM/Tray),CPU,"Speed:3.4GHz,Cores:6,TDP:135W",1225.59,1708.86,483.27,40799.15
339,P339,133,645.99,Canceled,7610,2017-02-21,2639,Intel Core i7-6950X (OEM/Tray),CPU,"Speed:3.0GHz,Cores:10,TDP:140W",1479.56,1704.37,224.81,85916.67
340,P340,75,645.2,Shipped,7611,2017-02-21,2640,Intel Xeon E5-2670 V3,CPU,"Speed:2.3GHz,Cores:12,TDP:120W",1453.94,1676.98,223.04,48390.0
341,P341,50,744.98,Pending,7612,2016-02-17,2641,Intel SSDPECME040T401,Storage,"Series:DC P3608,Type:SSD,Capacity:4TB,Cache:N/A",7123.66,7123.66,0.0,37249.0
342,P342,147,573.99,Shipped,7613,2016-02-17,2642,Western Digital WD2003FZEX,Storage,"Series:BLACK SERIES,Type:7200RPM,Capacity:2TB,Cache:64MB",7123.66,7123.66,0.0,84376.53
343,P343,76,677.99,Canceled,7614,2017-02-10,2643,Samsung MZ-V6P512BW,Storage,"Series:960 PRO,Type:SSD,Capacity:512GB,Cache:512MB",7123.66,7123.66,0.0,51527.24
344,P344,128,1003.98,Shipped,7615,2017-02-10,2644,Hitachi HUS724030ALE641,Storage,"Series:Ultrastar 7K4000,Type:7200RPM,Capacity:3TB,Cache:64MB",7123.66,7123.66,0.0,128509.44
345,P345,82,443.64,Shipped,7616,2017-02-10,2645,Samsung MZ-V6P2T0BW,Storage,"Series:960 Pro,Type:SSD,Capacity:2TB,Cache:2GB",7123.66,7123.66,0.0,36378.479999999996
346,P346,112,329.99,Pending,7617,2017-01-02,2646,Seagate ST10000DM0004,Storage,"Series:BarraCuda Pro,Type:7200RPM,Capacity:10TB,Cache:256MB",7123.66,7123.66,0.0,36958.880000000005
347,P347,80,59.99,Pending,7618,2015-12-14,2647,ADATA ASU800SS-512GT-C,Storage,"Series:Ultimate SU800,Type:SSD,Capacity:512GB,Cache:N/A",7123.66,7123.66,0.0,4799.2
348,P348,98,52.65,Pending,7619,2015-12-01,2648,Samsung MZ-V6E1T0,Storage,"Series:960 EVO,Type:SSD,Capacity:1TB,Cache:1000MB",7123.66,7123.66,0.0,5159.7
349,P349,77,1469.96,Canceled,7620,2016-12-01,2649,Western Digital WD1003FZEX,Storage,"Series:BLACK SERIES,Type:7200RPM,Capacity:1TB,Cache:64MB",7123.66,7123.66,0.0,113186.92
350,P350,126,1204.98,Shipped,7621,2016-11-30,2650,SanDisk SDSSDA-120G-G26,Storage,"Series:SSD PLUS,Type:SSD",7123.66,7123.66,0.0,151827.48
351,P351,42,2774.98,Shipped,7622,2017-11-01,2651,Crucial CT525MX300SSD1,Storage,"Series:MX300,Type:SSD,Capacity:525GB,Cache:N/A",7123.66,7123.66,0.0,116549.16
352,P352,88,809.99,Pending,7623,2015-10-27,2652,Hitachi A7K1000-1000,Storage,"Series:Ultrastar,Type:7200RPM,Capacity:1TB,Cache:32MB",7123.66,7123.66,0.0,71279.12
353,P353,141,704.99,Canceled,7624,2015-10-28,2653,Samsung MZ-V6P1T0BW,Storage,"Series:960 Pro,Type:SSD,Capacity:1TB,Cache:1GB",7123.66,7123.66,0.0,99403.59
354,P354,71,677.99,Shipped,7625,2016-06-21,2654,Samsung MZ-7KE256BW,Storage,"Series:850 Pro Series,Type:SSD,Capacity:256GB,Cache:N/A",7123.66,7123.66,0.0,48137.29
355,P355,84,2042.69,Pending,7626,2013-06-21,2655,Seagate ST2000DX002,Storage,"Series:FireCuda,Type:Hybrid,Capacity:2TB,Cache:64MB",7123.66,7123.66,0.0,171585.96
356,P356,82,608.95,Shipped,7627,2016-06-21,2656,Western Digital WD5000AACS,Storage,"Series:Caviar Green,Type:5400RPM,Capacity:500GB,Cache:16MB",7123.66,7123.66,0.0,49933.9
357,P357,81,109.99,Shipped,7628,2016-06-14,2657,SanDisk SDSSDHII-240G-G25,Storage,"Series:Ultra II,Type:SSD,Capacity:240GB,Cache:N/A",7123.66,7123.66,0.0,8909.189999999999
358,P358,46,1010.46,Canceled,7629,2016-06-13,2658,PNY SSD7CS1311-120-RB,Storage,"Series:CS1311,Type:SSD,Capacity:120GB,Cache:N/A",7123.66,7123.66,0.0,46481.16
359,P359,145,4139.0,Pending,7630,2017-03-17,2659,PNY SSD9SC240GMDA-RB,Storage,"Series:XLR8,Type:SSD,Capacity:240GB,Cache:N/A",7123.66,7123.66,0.0,600155.0
360,P360,134,1756.0,Shipped,7631,2017-02-21,2660,Crucial CT1050MX300SSD1,Storage,"Series:MX300,Type:SSD,Capacity:1.1TB,Cache:N/A",7123.66,7123.66,0.0,235304.0
361,P361,113,388.99,Shipped,7632,2017-02-21,2661,Asus ROG STRIX X99 GAMING,Mother Board,"CPU:LGA2011-3,Form Factor:ATX,RAM Slots:8,Max RAM:128GB",255.86,319.99,64.13,43955.87
362,P362,59,719.99,Canceled,7633,2016-02-17,2662,Asus SABERTOOTH X99,Mother Board,"CPU:LGA2011-3,Form Factor:ATX,RAM Slots:8,Max RAM:64GB",252.57,312.67,60.1,42479.41
363,P363,140,722.99,Pending,7634,2016-02-17,2663,Asus PRIME X299-A,Mother Board,"CPU:LGA2066,Form Factor:ATX,RAM Slots:8,Max RAM:128GB",274.56,309.85,35.29,101218.6
364,P364,37,3177.44,Shipped,7635,2017-02-10,2664,Gigabyte GA-X99-UD5 WIFI,Mother Board,"CPU:LGA2011-3,Form Factor:EATX,RAM Slots:8,Max RAM:64GB",217.83,305.0,87.0,117565.28
365,P365,132,1199.99,Canceled,7636,2017-02-10,2665,ASRock EP2C602-4L/D16,Mother Board,"CPU:LGA2011 x 2,Form Factor:SSI EEB,RAM Slots:16,Max RAM:512GB",225.47,301.99,76.52,158398.68
366,P366,69,549.59,Shipped,7637,2017-02-10,2666,MSI Z170A KRAIT GAMING 3X,Mother Board,"CPU:LGA1151,Form Factor:ATX,RAM Slots:4,Max RAM:64GB",245.4,299.89,54.49,37921.71
367,P367,37,699.89,Pending,7638,2017-01-02,2667,MSI Z170 Krait Gaming,Mother Board,"CPU:LGA1151,Form Factor:ATX,RAM Slots:4,Max RAM:64GB",231.58,299.89,68.31,25895.93
368,P368,41,645.2,Shipped,7639,2015-12-14,2668,MSI Z170A KRAIT GAMING,Mother Board,"CPU:LGA1151,Form Factor:ATX,RAM Slots:4,Max RAM:64GB",262.4,299.89,37.49,26453.2
369,P369,49,799.0,Canceled,7640,2015-12-01,2669,Asus MAXIMUS IX CODE,Mother Board,"CPU:LGA1151,Form Factor:ATX,RAM Slots:4,Max RAM:64GB",266.15,298.98,32.83,39151.0
370,P370,112,644.0,Pending,7641,2016-12-01,2670,Asus Sabertooth 990FX,Mother Board,"CPU:AM3+,Form Factor:ATX,RAM Slots:4,Max RAM:32GB",252.31,295.72,43.41,72128.0
371,P371,75,469.99,Shipped,7642,2016-11-30,2671,MSI X99A WORKSTATION,Mother Board,"CPU:LGA2011-3,Form Factor:ATX,RAM Slots:8,Max RAM:128GB",239.95,289.97,50.02,35249.25
372,P372,78,443.72,Shipped,7643,2017-11-01,2672,Intel DG43RK,Mother Board,"CPU:LGA775,Form Factor:Micro ATX,RAM Slots:4,Max RAM:8GB",219.69,289.79,70.1,34610.16
373,P373,58,287.0,Shipped,7644,2015-10-27,2673,Asus VANGUARD B85,Mother Board,"CPU:LGA1150,Form Factor:Micro ATX,RAM Slots:4,Max RAM:32GB",258.1,287.0,28.9,16646.0
374,P374,83,949.89,Canceled,7645,2015-10-28,2674,EVGA Z270 Classified K,Mother Board,"CPU:LGA1151,Form Factor:EATX,RAM Slots:4,Max RAM:64GB",234.26,283.98,49.72,78840.87
375,P375,110,419.99,Canceled,7646,2016-10-28,2675,EVGA Classified,Mother Board,"CPU:LGA2011-3,Form Factor:EATX,RAM Slots:8,Max RAM:128GB",240.62,283.98,43.36,46198.9
376,P376,89,1010.46,Canceled,7647,2015-10-28,2676,MSI Z270 XPOWER GAMING TITANIUM,Mother Board,"CPU:LGA1151,Form Factor:ATX,RAM Slots:4,Max RAM:64GB",212.69,282.98,70.29,89930.94
377,P377,83,579.99,Pending,7648,2016-09-19,2677,ASRock X299 Taichi,Mother Board,"CPU:LGA2066,Form Factor:ATX,RAM Slots:8,Max RAM:128GB",214.36,282.98,68.62,48139.17
378,P378,105,809.99,Shipped,7649,2016-09-14,2678,MSI X299 TOMAHAWK ARCTIC,Mother Board,"CPU:LGA2066,Form Factor:ATX,RAM Slots:8,Max RAM:128GB",223.92,281.98,58.06,85048.95
379,P379,60,699.01,Shipped,7650,2016-07-12,2679,Supermicro X10SAT-O,Mother Board,"CPU:LGA1150,Form Factor:ATX,RAM Slots:4,Max RAM:32GB",207.08,281.97,74.89,41940.6
380,P380,59,2290.79,Canceled,7651,2017-03-18,2680,ASRock EP2C602-4L/D16,Mother Board,"CPU:LGA2066,Form Factor:ATX,RAM Slots:8,Max RAM:128GB",227.48,280.98,53.5,135156.61
381,P381,71,1318.99,Shipped,7652,2017-01-07,2681,EVGA 12G-P4-3992-KR,Video Card,Chipset:GeForce GTX Titan Z,2313.07,2799.99,486.92,93648.29
382,P382,51,588.95,Pending,7653,2017-01-05,2682,AMD 100-505989,Video Card,Chipset:FirePro W9100,2128.67,2699.99,571.32,30036.45
383,P383,103,1638.89,Shipped,7654,2016-02-08,2683,PNY VCQK6000-PB,Video Card,Chipset:Quadro K6000,1740.31,2290.79,550.48,168805.67
384,P384,68,298.98,Pending,7655,2017-02-01,2684,PNY VCQP5000-PB,Video Card,Chipset:Quadro P5000,1602.21,2015.11,412.9,20330.64
385,P385,34,309.85,Canceled,7656,2016-11-17,2685,HP C2J95AT,Video Card,Chipset:Quadro K5000,1715.91,1999.89,283.98,10534.900000000001
386,P386,113,279.99,Shipped,7657,2017-02-20,2686,EVGA 12G-P4-1999-KR,Video Card,Chipset:GeForce GTX Titan X,1328.03,1799.99,471.96,31638.870000000003
387,P387,139,1499.99,Pending,7658,2017-02-14,2687,PNY VCQM5000-PB,Video Card,Chipset:Quadro M5000,1268.42,1759.99,491.57,208498.61000000002
388,P388,144,1199.99,Canceled,7659,2017-02-14,2688,ATI FirePro S9050,Video Card,Chipset:FirePro S9050,1237.04,1699.0,461.96,172798.56
389,P389,99,57.98,Shipped,7660,2017-01-24,2689,AMD 100-5056062,Video Card,Chipset:Vega Frontier Edition Liquid,1343.84,1499.99,156.15,5740.0199999999995
390,P390,101,104.88,Shipped,7661,2016-11-29,2690,PNY VCQK5200-PB,Video Card,Chipset:Quadro K5200,1129.39,1449.98,320.59,10592.88
391,P391,147,811.99,Canceled,7662,2016-11-29,2691,AMD FirePro S7000,Video Card,Chipset:FirePro S7000,936.42,1218.5,282.08,119362.53
392,P392,37,549.59,Shipped,7663,2016-11-29,2692,AMD 100-506061,Video Card,Chipset:Vega Frontier Edition Liquid,706.99,999.99,293.0,20334.83
393,P393,114,588.95,Shipped,7664,2017-09-28,2693,ATI FirePro R5000,Video Card,Chipset:FirePro R5000,760.59,999.99,239.4,67140.3
394,P394,123,282.98,Canceled,7665,2017-09-27,2694,PNY VCQK4200-PB,Video Card,Chipset:Quadro K4200,799.05,949.89,150.84,34806.54
395,P395,82,280.98,Pending,7666,2016-09-27,2695,Asus GTX780TI-3GD5,Video Card,Chipset:GeForce GTX 780 Ti,781.91,899.99,118.08,23040.36
396,P396,32,725.99,Shipped,7667,2017-09-27,2696,MSI GTX 1080 TI LIGHTNING Z,Video Card,Chipset:GeForce GTX 1080 Ti,688.35,873.98,185.63,23231.68
397,P397,66,798.26,Pending,7668,2016-08-16,2697,Asus ROG-POSEIDON-GTX1080TI-P11G-GAMING,Video Card,Chipset:GeForce GTX 1080 Ti,696.14,864.98,168.84,52685.159999999996
398,P398,82,849.99,Canceled,7669,2016-05-27,2698,MSI GTX 1080 TI LIGHTNING X,Video Card,Chipset:GeForce GTX 1080 Ti,742.94,863.98,121.04,69699.18000000001
399,P399,157,821.99,Shipped,7670,2017-05-27,2699,Zotac ZT-P10810A-10P,Video Card,Chipset:GeForce GTX 1080 Ti,702.35,849.99,147.64,129052.43000000001
400,P400,32,579.59,Canceled,7671,2017-05-27,2700,MSI GAMING,Video Card,Chipset:GeForce GTX 780 Ti,753.18,849.99,96.81,18546.88
