EmployeeID,EmployeeName,EmployeeEmail,EmployeePhone,EmployeeHireDate,EmployeeJobTitle,WarehouseID
6309,Summer Payne,summer.payne@example.com,5151238181,2016/06/07,Public Accountant,101
6310,Rose Stephens,rose.stephens@example.com,5151238080,2016/06/07,Accounting Manager,102
6311,Annabelle Dunn,annabelle.dunn@example.com,5151234444,2016/09/17,Administration Assistant,103
6312,Tommy Bailey,tommy.bailey@example.com,5151234567,2016/06/17,President,104
6313,Blake Cooper,blake.cooper@example.com,5151234569,2016/01/13,Administration Vice President,105
6314,Jude Rivera,jude.rivera@example.com,5151234568,2016/09/21,Administration Vice President,106
6315,Tyler Ramirez,tyler.ramirez@example.com,5151244269,2016/09/28,Accountant,107
6316,Ryan Gray,ryan.gray@example.com,5151244169,2016/08/16,Accountant,108
6317,Elliot Brooks,elliot.brooks@example.com,5151244567,2016/12/07,Accountant,109
6318,Elliott James,elliott.james@example.com,5151244369,2016/09/30,Accountant,110
6319,Albert Watson,albert.watson@example.com,5151244469,2016/03/07,Accountant,111
6320,Mohammad Peterson,mohammad.peterson@example.com,5151244569,2016/08/17,Finance Manager,112
6321,Harper Spencer,harper.spencer@example.com,5151237777,2016/06/07,Human Resources Representative,113
6322,Louie Richardson,louie.richardson@example.com,5904234567,2016/01/03,Programmer,114
6323,Nathan Cox,nathan.cox@example.com,5904234568,2016/05/21,Programmer,115
6324,Bobby Torres,bobby.torres@example.com,5904235567,2016/02/07,Programmer,116
6325,Charles Ward,charles.ward@example.com,5904234560,2016/02/05,Programmer,117
6326,Gabriel Howard,gabriel.howard@example.com,59042345692,2016/06/25,Programmer,118
6327,Emma Perkins,emma.perkins@example.com,5151235555,2016/02/17,Marketing Manager,119
6328,Amelie Hudson,amelie.hudson@example.com,6031236666,2016/08/17,Marketing Representative,120
6329,Gracie Gardner,gracie.gardner@example.com,5151238888,2016/06/07,Public Relations Representative,121
6330,Frederick Price,frederick.price@example.com,5151274563,2016/12/24,Purchasing Clerk,122
6331,Alex Sanders,alex.sanders@example.com,5151274562,2016/05/18,Purchasing Clerk,123
6332,Ollie Bennett,ollie.bennett@example.com,5151274564,2016/07/24,Purchasing Clerk,124
6333,Louis Wood,louis.wood@example.com,5151274565,2016/11/15,Purchasing Clerk,125
6334,Dexter Barnes,dexter.barnes@example.com,5151274566,2016/08/10,Purchasing Clerk,126
6335,Rory Kelly,rory.kelly@example.com,5151274561,2016/12/07,Purchasing Manager,127
6336,Isabella Cole,isabella.cole@example.com,11413,2016/10/15,Sales Manager,128
6337,Jessica Woods,jessica.woods@example.com,11413,2016/03/10,Sales Manager,129
6338,Ella Wallace,ella.wallace@example.com,11413,2016/01/05,Sales Manager,130
6339,Ava Sullivan,ava.sullivan@example.com,11413,2016/10/01,Sales Manager,131
6340,Mia West,mia.west@example.com,11413,2016/01/29,Sales Manager,132
6341,Evie Harrison,evie.harrison@example.com,11413,2016/11/23,Sales Representative,133
6342,Scarlett Gibson,scarlett.gibson@example.com,11413,2016/01/30,Sales Representative,134
6343,Ruby Mcdonald,ruby.mcdonald@example.com,11413,2016/03/04,Sales Representative,135
6344,Chloe Cruz,chloe.cruz@example.com,11413,2016/08/01,Sales Representative,136
6345,Isabelle Marshall,isabelle.marshall@example.com,11413,2016/03/10,Sales Representative,137
6346,Daisy Ortiz,daisy.ortiz@example.com,11413,2016/12/15,Sales Representative,138
6347,Freya Gomez,freya.gomez@example.com,11413,2016/11/03,Sales Representative,139
6348,Elizabeth Dixon,elizabeth.dixon@example.com,11413,2016/01/04,Sales Representative,140
6349,Florence Freeman,florence.freeman@example.com,11413,2016/03/19,Sales Representative,141
6350,Alice Wells,alice.wells@example.com,11413,2016/01/24,Sales Representative,142
6351,Charlotte Webb,charlotte.webb@example.com,11413,2016/02/23,Sales Representative,143
6352,Sienna Simpson,sienna.simpson@example.com,11413,2016/03/24,Sales Representative,144
6353,Matilda Stevens,matilda.stevens@example.com,11413,2016/04/21,Sales Representative,145
6354,Evelyn Tucker,evelyn.tucker@example.com,11413,2016/03/11,Sales Representative,146
6355,Eva Porter,eva.porter@example.com,11413,2016/03/23,Sales Representative,147
6356,Millie Hunter,millie.hunter@example.com,11413,2016/01/24,Sales Representative,148
6357,Sofia Hicks,sofia.hicks@example.com,11413,2016/02/23,Sales Representative,149
6358,Lucy Crawford,lucy.crawford@example.com,11413,2016/03/24,Sales Representative,150
6359,Elsie Henry,elsie.henry@example.com,11413,2016/04/21,Sales Representative,151
6360,Imogen Boyd,imogen.boyd@example.com,11413,2016/05/11,Sales Representative,152
6361,Layla Mason,layla.mason@example.com,11413,2016/03/19,Sales Representative,153
6362,Rosie Morales,rosie.morales@example.com,11413,2016/03/24,Sales Representative,154
6363,Maya Kennedy,maya.kennedy@example.com,11413,2016/04/23,Sales Representative,155
6364,Esme Warren,esme.warren@example.com,11413,2016/05/24,Sales Representative,156
6365,Grace Ellis,grace.ellis@example.com,11413,2016/12/09,Sales Representative,157
6366,Lily Fisher,lily.fisher@example.com,11413,2016/03/30,Sales Representative,158
6367,Sophia Reynolds,sophia.reynolds@example.com,11413,2016/08/20,Sales Representative,159
6368,Sophie Owens,sophie.owens@example.com,11413,2016/03/24,Sales Representative,160
6369,Poppy Jordan,poppy.jordan@example.com,11413,2016/01/30,Sales Representative,161
6370,Phoebe Murray,phoebe.murray@example.com,11413,2016/11/11,Sales Representative,162
6371,Holly Shaw,holly.shaw@example.com,6505091876,2016/01/27,Shipping Clerk,163
6372,Emilia Holmes,emilia.holmes@example.com,6505092876,2016/02/20,Shipping Clerk,164
6373,Molly Rice,molly.rice@example.com,6505093876,2016/06/24,Shipping Clerk,165
6374,Ellie Robertson,ellie.robertson@example.com,6505094876,2016/02/07,Shipping Clerk,166
6375,Jasmine Hunt,jasmine.hunt@example.com,6505051876,2016/06/14,Shipping Clerk,167
6376,Eliza Black,eliza.black@example.com,6505052876,2016/08/13,Shipping Clerk,168
6377,Lilly Daniels,lilly.daniels@example.com,6505053876,2016/07/11,Shipping Clerk,169
6378,Abigail Palmer,abigail.palmer@example.com,6505054876,2016/12/19,Shipping Clerk,170
6379,Georgia Mills,georgia.mills@example.com,6505011876,2016/02/04,Shipping Clerk,171
6380,Maisie Nichols,maisie.nichols@example.com,6505012876,2016/03/03,Shipping Clerk,172
6381,Eleanor Grant,eleanor.grant@example.com,6505013876,2016/07/01,Shipping Clerk,173
6382,Hannah Knight,hannah.knight@example.com,6505014876,2016/03/17,Shipping Clerk,174
6383,Harriet Ferguson,harriet.ferguson@example.com,6505079811,2016/04/24,Shipping Clerk,175
6384,Amber Rose,amber.rose@example.com,6505079822,2016/05/23,Shipping Clerk,176
6385,Bella Stone,bella.stone@example.com,6505079833,2016/06/21,Shipping Clerk,177
6386,Thea Hawkins,thea.hawkins@example.com,6505079844,2016/01/13,Shipping Clerk,178
6387,Lola Ramos,lola.ramos@example.com,6505079876,2016/01/24,Shipping Clerk,179
6388,Willow Reyes,willow.reyes@example.com,6505079877,2016/02/23,Shipping Clerk,180
6389,Ivy Burns,ivy.burns@example.com,6505079878,2016/06/21,Shipping Clerk,181
6390,Erin Gordon,erin.gordon@example.com,6505079879,2016/02/03,Shipping Clerk,182
6391,Reggie Simmons,reggie.simmons@example.com,6501248234,2016/04/10,Stock Clerk,183
6392,Emily Hamilton,emily.hamilton@example.com,6501212874,2016/03/15,Stock Clerk,184
6393,Olivia Ford,olivia.ford@example.com,6501212994,2016/01/29,Stock Clerk,185
6394,Amelia Myers,amelia.myers@example.com,6501218009,2016/10/17,Stock Clerk,186
6395,Connor Hayes,connor.hayes@example.com,6501211834,2016/04/06,Stock Clerk,187
6396,Leon Powell,leon.powell@example.com,6501241214,2016/07/16,Stock Clerk,188
6397,Kai Long,kai.long@example.com,6501241224,2016/09/28,Stock Clerk,189
6398,Aaron Patterson,aaron.patterson@example.com,6501241334,2016/01/14,Stock Clerk,190
6399,Roman Hughes,roman.hughes@example.com,6501241434,2016/03/08,Stock Clerk,191
6400,Austin Flores,austin.flores@example.com,6501245234,2016/08/20,Stock Clerk,192
6401,Ellis Washington,ellis.washington@example.com,6501246234,2016/10/30,Stock Clerk,193
6402,Jamie Butler,jamie.butler@example.com,6501247234,2016/02/16,Stock Clerk,194
6403,Isla Graham,isla.graham@example.com,6501212004,2016/07/09,Stock Clerk,195
6404,Seth Foster,seth.foster@example.com,6501271934,2016/06/14,Stock Clerk,196
6405,Carter Gonzales,carter.gonzales@example.com,6501271834,2016/08/26,Stock Clerk,197
6406,Felix Bryant,felix.bryant@example.com,6501271734,2016/12/12,Stock Clerk,198
6407,Ibrahim Alexander,ibrahim.alexander@example.com,6501271634,2016/02/06,Stock Clerk,199
6408,Sonny Russell,sonny.russell@example.com,6501211234,2016/07/14,Stock Clerk,200
6409,Kian Griffin,kian.griffin@example.com,6501212034,2016/10/26,Stock Clerk,201
6410,Caleb Diaz,caleb.diaz@example.com,6501212019,2016/02/12,Stock Clerk,202
6411,Ronnie Perry,ronnie.perry@example.com,6501235234,2016/11/16,Stock Manager,203
6412,Callum Jenkins,callum.jenkins@example.com,6501234234,2016/10/10,Stock Manager,204
6413,Jackso Coleman,jackson.coleman@example.com,6501233234,2016/05/01,Stock Manager,205
6414,Liam Henderson,liam.henderson@example.com,6501232234,2016/04/10,Stock Manager,206
6415,Jaxon Ross,jaxon.ross@example.com,6501231234,2016/07/18,Stock Manager,207
6416,Adinolfi Wilson,adinolfiwilson@gmail.com,6500123238,2011/07/05,Public Accountant,208
6417,Ait Sidi Karthikeyan,aitsidkarthikeyan@gmail.com,19282275766,2015/03/30,Accounting Manager,209
6418,Akinkuolie Sarah,akinkuoliesarah@gmail.com,16236355939,2011/07/05,Administration Assistant,210
6419,Alagbe Trina,alagbetrina@gmail.com,17076298896,2008/01/07,President,211
6420,Anderson Carol,andersoncarol@gmail.com,16996379730,2011/07/11,Administration Vice President,212
6421,Anderson Linda,andersonlinda@gmail.com,15190465626,2012/01/09,Administration Vice President,213
6422,Andreola Colby,andreolacolby@gmail.com,14205688507,2014/11/10,Accountant,214
6423,Athwal Sam,athwalsam@gmail.com,13148752023,2013/09/30,Accountant,215
6424,Bachiochi Linda,bachiochilinda@gmail.com,16644096769,2009/07/06,Accountant,216
6425,Bacong Alejandro,bacongalejandro@gmail.com,11408426123,2015/01/05,Accountant,217
6426,Baczenski Rachael,baczenskirachael@gmail.com,13765413497,2011/01/10,Accountant,218
6427,Barbara Thomas,barbarathomas@gmail.com,18459807305,2012/04/02,Finance Manager,219
6428,Barbossa Hector,barbossahector@gmail.com,19071357973,2014/11/10,Human Resources Representative,220
6429,Barone Francesco,baronefrancesco@gmail.com,14151206955,2012/02/20,Programmer,221
6430,Barton Nader,bartonnader@gmail.com,11923174402,2012/09/24,Programmer,222
6431,Bates Norman,batesnorman@gmail.com,16740725604,2011/02/21,Programmer,223
6432,Beak Kimberly,beakkimberly@gmail.com,17925003303,2016/07/21,Programmer,224
6433,Beatrice Courtney,beatricecourtney@gmail.com,18924803277,2011/04/04,Programmer,225
6434,Becker Renee,beckerrenee@gmail.com,12261940842,2014/07/07,Marketing Manager,226
6435,Becker Scott,beckerscott@gmail.com,12198034224,2013/07/08,Marketing Representative,227
6436,Bernstein Sean,bernsteinsean@gmail.com,11870081186,2012/04/02,Public Relations Representative,228
6437,Biden Lowan,bidenlowan@gmail.com,11694985502,2013/08/19,Purchasing Clerk,229
6438,Billis Helen,billishelen@gmail.com,16735051175,2014/07/07,Purchasing Clerk,230
6439,Blount Dianna,blountdianna@gmail.com,18160173450,2011/04/04,Purchasing Clerk,231
6440,Bondwell Betsy,bondwellbetsy@gmail.com,12443874821,2011/01/10,Purchasing Clerk,232
6441,Booth Frank,boothfrank@gmail.com,15883846698,2014/02/17,Purchasing Clerk,233
6442,Boutwell Bonalyn,boutwellbonalyn@gmail.com,16363837624,2015/02/16,Purchasing Manager,234
6443,Bozzi Charles,bozzicharles@gmail.com,16998122567,2013/09/30,Sales Manager,235
6444,Brill Donna,brilldonna@gmail.com,15897136211,2012/04/02,Sales Manager,236
6445,Brown Mia,brownmia@gmail.com,15201679612,2008/10/27,Sales Manager,237
6446,Buccheri Joseph,buccherijoseph@gmail.com,26531027628,2014/09/29,Sales Manager,238
6447,Bugali Josephine,bugalijosephine@gmail.com,26561577656,2013/11/11,Sales Manager,239
6448,Bunbury Jessica,bunburyjessica@gmail.com,26590410851,2011/08/15,Sales Representative,240
6449,Burke Joelle,burkejoelle@gmail.com,26537828071,2012/03/05,Sales Representative,241
6450,Burkett Benjamin,burkettbenjamin@gmail.com,26523655356,2011/04/04,Sales Representative,242
6451,Cady Max,cadymax@gmail.com,26595011322,2011/08/15,Sales Representative,243
6452,Candie Calvin,candiecalvin@gmail.com,26578277683,2016/01/28,Sales Representative,244
6453,Carabbio Judith,carabbiojudith@gmail.com,26504586171,2013/11/11,Sales Representative,245
6454,Carey Michael,careymichael@gmail.com,26561396427,2014/03/31,Sales Representative,246
6455,Carr Claudia,carrclaudia@gmail.com,26589440240,2016/06/30,Sales Representative,247
6456,Carter Michelle,cartermichelle@gmail.com,26592192850,2014/08/18,Sales Representative,248
6457,Chace Beatrice,chacebeatrice@gmail.com,26522661720,2014/09/29,Sales Representative,249
6458,Champaigne Brian,champaignebrian@gmail.com,26565429792,2016/09/06,Sales Representative,250
6459,Chan Lin,chanlin@gmail.com,26517224537,2014/05/12,Sales Representative,251
6460,Chang Donovan,changdonovan@gmail.com,26568600526,2013/07/08,Sales Representative,252
6461,Chigurh Anton,chigurhanton@gmail.com,26512270202,2012/05/14,Sales Representative,253
6462,Chivukula Enola,chivukulaenola@gmail.com,26549962703,2011/06/27,Sales Representative,254
6463,Cierpiszewski Caroline,cierpiszewskicaroline@gmail.com,26501580180,2011/10/03,Sales Representative,255
6464,Clayton Rick,claytonrick@gmail.com,26568959077,2012/09/05,Sales Representative,256
6465,Cloninger Jennifer,cloningerjennifer@gmail.com,26551385856,2011/05/16,Sales Representative,257
6466,Close Phil,closephil@gmail.com,26591303944,2010/08/30,Sales Representative,258
6467,Clukey Elijian,clukeyelijian@gmail.com,26510443827,2016/07/06,Sales Representative,259
6468,Cockel James,cockeljames@gmail.com,26553686374,2013/07/08,Sales Representative,260
6469,Cole Spencer,colespencer@gmail.com,26569902213,2011/07/11,Sales Representative,261
6470,Corleone Michael,corleonemichael@gmail.com,26545381268,2010/07/20,Sales Representative,262
6471,Corleone Vito,corleonevito@gmail.com,26511718831,2009/01/05,Sales Representative,263
6472,Cornett Lisa,cornettlisa@gmail.com,26516974639,2015/01/05,Sales Representative,264
6473,Costello Frank,costellofrank@gmail.com,26564076902,2015/03/30,Sales Representative,265
6474,Crimmings Jean,crimmingsjean@gmail.com,26572926050,2016/07/06,Sales Representative,266
6475,Cross Noah,crossnoah@gmail.com,21682548350,2014/11/10,Sales Representative,267
6476,Daneault Lynn,daneaultlynn@gmail.com,21682684540,2014/05/05,Sales Representative,268
6477,Daniele Ann,danieleann@gmail.com,21619929588,2014/11/10,Sales Representative,269
6478,Darson Jene'Ya,darsonjene@gmail.com'ya,21636972880,2012/07/02,Shipping Clerk,270
6479,Davis Daniel,davisdaniel@gmail.com,21630934934,2011/11/07,Shipping Clerk,271
6480,Dee Randy,deerandy@gmail.com,21626070119,2018/07/09,Shipping Clerk,272
6481,De Gweck James,degweckjames@gmail.com,21681891078,2011/05/16,Shipping Clerk,273
6482,"Del Bosque, Keyla",delbosqukeyla@gmail.com,21612573006,2012/01/09,Shipping Clerk,274
6483,Delarge Alex,delargealex@gmail.com,21677684639,2014/09/29,Shipping Clerk,275
6484,Demita Carla,demitacarla@gmail.com,21695997331,2011/04/04,Shipping Clerk,276
6485,Desimone Carl,desimonecarl@gmail.com,21641289850,2014/07/07,Shipping Clerk,277
6486,De Vito Tommy,devitotommy@gmail.com,21627520190,2017/02/15,Shipping Clerk,278
6487,Dietrich Jenna,dietrichjenna@gmail.com,21618112246,2012/02/20,Shipping Clerk,279
6488,Di Nocco Lily,dinoccolily@gmail.com,21675752905,2013/01/07,Shipping Clerk,280
6489,Dobrin Denisa,dobrindenis@gmail.com,21679669628,2012/04/02,Shipping Clerk,281
6490,Dolan Linda,dolanlinda@gmail.com,21662099581,2015/01/05,Shipping Clerk,282
6491,Dougall Eric,dougalleric@gmail.com,21621194805,2014/01/05,Shipping Clerk,283
6492,Driver Elle,driverelle@gmail.com,21628531974,2011/01/10,Shipping Clerk,284
6493,Dunn Amy,dunnamy@gmail.com,21683278610,2014/09/18,Shipping Clerk,285
6494,Dunne Amy,dunneamy@gmail.com,21641982483,2010/04/26,Shipping Clerk,286
6495,Eaton Marianne,eatonmarianne@gmail.com,21615525717,2011/04/04,Shipping Clerk,287
6496,Engdahl Jean,engdahljean@gmail.com,21614304032,2014/11/10,Shipping Clerk,288
6497,England Rex,englandrex@gmail.com,21653942147,2014/03/31,Shipping Clerk,289
6498,Erilus Angela,erilusangela@gmail.com,21630070620,2014/07/07,Stock Clerk,290
6499,Estremera Miguel,estremeramiguel@gmail.com,21663808048,2012/04/02,Stock Clerk,291
6500,Evensen April,evensenapril@gmail.com,21603256931,2014/02/17,Stock Clerk,292
6501,Exantus Susan,exantussusan@gmail.com,21679209984,2011/05/02,Stock Clerk,293
6502,Faller Megan,fallermegan@gmail.com,21626336775,2014/07/07,Stock Clerk,294
6503,Fancett Nicole,fancettnicole@gmail.com,21332122312,2014/02/17,Stock Clerk,295
6504,Ferguson Susan,fergusonsusan@gmail.com,681743994,2011/11/07,Stock Clerk,296
6505,Fernandes Nilson,fernandesnilson@gmail.com,681014415,2015/05/11,Stock Clerk,297
6506,Fett Boba,fettboba@gmail.com,681513792,2015/03/30,Stock Clerk,298
6507,Fidelia Libby,fidelialibby@gmail.com,681614059,2012/01/09,Stock Clerk,299
6508,Fitzpatrick Michael,fitzpatrickmichael@gmail.com,681619776,2011/05/16,Stock Clerk,300
6509,Foreman Tanya,foremantanya@gmail.com,681171085,2011/04/04,Stock Clerk,301
6510,Forrest Alex,forrestalex@gmail.com,681054046,2014/09/29,Stock Clerk,302
6511,Foss Jason,fossjason@gmail.com,681358505,2011/04/15,Stock Clerk,303
6512,Foster Baker Amy,fosterbake@gmail.com,681956068,2009/01/05,Stock Clerk,304
6513,Fraval Maruk,fravalmaruk@gmail.com,681669104,2011/09/06,Stock Clerk,305
6514,Galia Lisa,galialisa@gmail.com,681168430,2010/05/01,Stock Clerk,306
6515,Garcia Raul,garciaraul@gmail.com,681280256,2015/03/30,Stock Clerk,307
6516,Gaul Barbara,gaulbarbara@gmail.com,681049820,2011/05/16,Stock Clerk,308
6517,Gentry Mildred,gentrymildred@gmail.com,681865336,2015/03/30,Stock Clerk,309
6518,Gerke Melisa,gerkemelisa@gmail.com,681872794,2011/11/07,Stock Manager,310
6519,Gill Whitney,gillwhitney@gmail.com,681719349,2014/07/07,Stock Manager,311
6520,Gilles Alex,gillesalex@gmail.com,681404669,2012/04/02,Stock Manager,312
6521,Girifalco Evelyn,girifalcoevelyn@gmail.com,681975566,2014/09/29,Stock Manager,313
6522,Givens Myriam,givensmyriam@gmail.com,681479010,2015/02/16,Stock Manager,314
6523,Goble Taisha,gobletaisha@gmail.com,681428326,2015/02/16,Public Accountant,315
6524,Goeth Amon,goethamon@gmail.com,681384235,2015/03/30,Accounting Manager,316
6525,Gold Shenice,goldshenice@gmail.com,681080263,2013/11/11,Administration Assistant,317
6526,Gonzalez Cayo,gonzalezcayo@gmail.com,681783913,2011/07/11,President,318
6527,Gonzalez Juan,gonzalezjuan@gmail.com,681004536,2010/04/26,Administration Vice President,319
6528,Gonzalez Maria,gonzalezmaria@gmail.com,681000257,2015/01/05,Administration Vice President,320
6529,Good Susan,goodsusan@gmail.com,681141989,2014/05/12,Accountant,321
6530,Gordon David,gordondavid@gmail.com,681647896,2012/07/02,Accountant,322
6531,Gosciminski Phylicia,gosciminskiphylicia@gmail.com,681122864,2013/09/30,Accountant,323
6532,Goyal Roxana,goyalroxana@gmail.com,681206706,2013/08/19,Accountant,324
6533,Gray Elijiah,grayelijiah@gmail.com,17100242216,2015/06/02,Accountant,325
6534,Gross Paula,grosspaula@gmail.com,17953806534,2011/02/21,Finance Manager,326
6535,Gruber Hans,gruberhans@gmail.com,12352183583,2017/04/20,Human Resources Representative,327
6536,Guilianno Mike,guiliannomike@gmail.com,11105896197,2012/03/07,Programmer,328
6537,Handschiegl Joanne,handschiegljoanne@gmail.com,18693087999,2011/11/28,Programmer,329
6538,Hankard Earnest,hankardearnest@gmail.com,18126913453,2013/11/11,Programmer,330
6539,Harrington Christie,harringtonchristie@gmail.com,16559558138,2012/01/09,Programmer,331
6540,Harrison Kara,harrisonkara@gmail.com,14839119763,2014/05/12,Programmer,332
6541,Heitzman Anthony,heitzmananthony@gmail.com,12065608314,2012/08/13,Marketing Manager,333
6542,Hendrickson Trina,hendricksontrina@gmail.com,11539916451,2011/01/10,Marketing Representative,334
6543,Hitchcock Alfred,hitchcockalfred@gmail.com,14133528143,2014/08/18,Public Relations Representative,335
6544,Homberger Adrienne,hombergeradrienne@gmail.com,13170091261,2011/08/15,Purchasing Clerk,336
6545,Horton Jayne,hortonjayne@gmail.com,11482011199,2015/03/30,Purchasing Clerk,337
6546,Houlihan Debra,houlihandebra@gmail.com,16044136744,2014/05/05,Purchasing Clerk,338
6547,Howard Estelle,howardestelle@gmail.com,18815585993,2015/02/16,Purchasing Clerk,339
6548,Hudson Jane,hudsonjane@gmail.com,10298389595,2012/02/20,Purchasing Clerk,340
6549,Hunts Julissa,huntsjulissa@gmail.com,11866390247,2016/06/06,Purchasing Manager,341
6550,Hutter Rosalie,hutterrosalie@gmail.com,17388741294,2015/06/05,Sales Manager,342
6551,Huynh Ming,huynhming@gmail.com,11714526298,2011/02/21,Sales Manager,343
6552,Immediato Walter,immediatowalter@gmail.com,15296153159,2011/02/21,Sales Manager,344
6553,Ivey Rose,iveyrose@gmail.com,16107948550,2013/08/19,Sales Manager,345
6554,Jackson Maryellen,jacksonmaryellen@gmail.com,11377788191,2012/11/05,Sales Manager,346
6555,Jacobi Hannah,jacobihannah@gmail.com,17470922486,2013/09/30,Sales Representative,347
6556,Jeannite Tayana,jeannitetayana@gmail.com,11567725833,2011/07/05,Sales Representative,348
6557,Jhaveri Sneha,jhaverisneha@gmail.com,13588495767,2014/01/06,Sales Representative,349
6558,Johnson George,johnsongeorge@gmail.com,11228011800,2011/11/07,Sales Representative,350
6559,Johnson Noelle,johnsonnoelle@gmail.com,18329124938,2015/01/05,Sales Representative,351
6560,Johnston Yen,johnstonyen@gmail.com,11657640637,2014/07/07,Sales Representative,352
6561,Jung Judy,jungjudy@gmail.com,17427314458,2011/01/10,Sales Representative,353
6562,Kampew Donysha,kampewdonysha@gmail.com,96412,2011/11/07,Sales Representative,354
6563,Keatts Kramer,keattskramer@gmail.com,96312,2013/09/30,Sales Representative,355
6564,Khemmich Bartholemew,khemmichbartholemew@gmail.com,96312,2013/08/19,Sales Representative,356
6565,King Janet,kingjanet@gmail.com,96412,2012/07/02,Sales Representative,357
6566,Kinsella Kathleen,kinsellakathleen@gmail.com,96312,2011/09/26,Sales Representative,358
6567,Kirill Alexandra,kirillalexandra@gmail.com,96312,2011/09/26,Sales Representative,359
6568,Knapp Bradley,knappbradley@gmail.com,96412,2014/02/17,Sales Representative,360
6569,Kretschmer John,kretschmerjohn@gmail.com,96312,2011/01/10,Sales Representative,361
6570,Kreuger Freddy,kreugerfreddy@gmail.com,96412,2011/03/07,Sales Representative,362
6571,Lajiri Jyoti,lajirijyoti@gmail.com,96412,2014/11/10,Sales Representative,363
6572,Landa Hans,landahans@gmail.com,96312,2011/01/10,Sales Representative,364
6573,Langford Lindsey,langfordlindsey@gmail.com,96312,2013/01/07,Sales Representative,365
6574,Langton Enrico,langtonenrico@gmail.com,913552947,2012/07/09,Sales Representative,366
6575,La Rotonda William,larotondawilliam@gmail.com,34598372012,2014/01/06,Sales Representative,367
6576,Latif Mohammed,latifmohammed@gmail.com,34283949223,2012/04/02,Sales Representative,368
6577,Le Binh,lebinh@gmail.com,34168776319,2016/10/02,Sales Representative,369
6578,Leach Dallas,leachdallas@gmail.com,34772506263,2011/09/26,Sales Representative,370
6579,Le Blanc Brandon,leblancbrandon@gmail.com,34939019986,2016/01/05,Sales Representative,371
6580,Lecter Hannibal,lecterhannibal@gmail.com,34524504044,2012/05/14,Sales Representative,372
6581,Leruth Giovanni,leruthgiovanni@gmail.com,34880872504,2012/04/30,Sales Representative,373
6582,Liebig Ketsia,liebigketsia@gmail.com,34727983724,2013/09/30,Sales Representative,374
6583,Linares Marilyn,linaresmarilyn@gmail.com,34179213148,2011/07/05,Sales Representative,375
6584,Linden Mathew,lindenmathew@gmail.com,34319291943,2013/07/08,Sales Representative,376
6585,Lindsay Leonara,lindsayleonara@gmail.com,34802503805,2011/01/21,Shipping Clerk,377
6586,Lundy Susan,lundysusan@gmail.com,34164839357,2013/07/08,Shipping Clerk,378
6587,Lunquist Lisa,lunquistlisa@gmail.com,461868135,2013/08/19,Shipping Clerk,379
6588,Lydon Allison,lydonallison@gmail.com,34064019817,2015/02/16,Shipping Clerk,380
6589,Lynch Lindsay,lynchlindsay@gmail.com,34984281863,2011/11/07,Shipping Clerk,381
6590,Mac Lennan Samuel,maclennansamuel@gmail.com,34180057504,2012/09/24,Shipping Clerk,382
6591,Mahoney Lauren,mahoneylauren@gmail.com,34316580179,2014/01/06,Shipping Clerk,383
6592,Manchester Robyn,manchesterrobyn@gmail.com,34493253248,2016/05/11,Shipping Clerk,384
6593,Mancuso Karen,mancusokaren@gmail.com,34558645739,2011/07/05,Shipping Clerk,385
6594,Mangal Debbie,mangaldebbie@gmail.com,34542953201,2013/11/11,Shipping Clerk,386
6595,Martin Sandra,martinsandra@gmail.com,34777040027,2013/11/11,Shipping Clerk,387
6596,Maurice Shana,mauriceshana@gmail.com,885642496,2011/05/31,Shipping Clerk,388
6597,Carthy B'Rigit,carthyb@gmail.com'rigit,610157931,2015/03/30,Shipping Clerk,389
6598,Mckenna Sandy,mckennasandy@gmail.com,34006756823,2013/01/07,Shipping Clerk,390
6599,Mc Kinzie Jac,mckinziejac@gmail.com,34656383561,2016/07/06,Shipping Clerk,391
6600,Meads Elizabeth,meadselizabeth@gmail.com,34259753268,2012/04/02,Shipping Clerk,392
6601,Medeiros Jennifer,medeirosjennifer@gmail.com,34783149747,2015/03/30,Shipping Clerk,393
6602,Miller Brannon,millerbrannon@gmail.com,34745587733,2012/08/16,Shipping Clerk,394
6603,Miller Ned,millerned@gmail.com,539663075,2011/08/15,Shipping Clerk,395
6604,Monkfish Erasumus,monkfisherasumus@gmail.com,551019688,2011/11/07,Shipping Clerk,396
6605,Monroe Peter,monroepeter@gmail.com,795418559,2012/02/15,Stock Clerk,397
6606,Monterro Luisa,monterroluisa@gmail.com,990971041,2013/05/13,Stock Clerk,398
6607,Moran Patrick,moranpatrick@gmail.com,715589434,2012/01/09,Stock Clerk,399
6608,Morway Tanya,morwaytanya@gmail.com,444227859,2015/02/16,Stock Clerk,400
6609,Motlagh Dawn,motlagh@gmail.com dawn,783962355,2013/04/01,Stock Clerk,401
6610,Moumanil Maliki,moumanilmaliki@gmail.com,416978356,2013/05/13,Stock Clerk,402
6611,Myers Michael,myersmichael@gmail.com,18564905,2013/07/08,Stock Clerk,403
6612,Navathe Kurt,navathekurt@gmail.com,352558782,2017/02/10,Stock Clerk,404
6613,Ndzi Colombui,ndzicolombui@gmail.com,540200580,2011/09/26,Stock Clerk,405
6614,Ndzi Horia,ndzihoria@gmail.com,760698629,2013/04/01,Stock Clerk,406
6615,Newman Richard,newmanrichard@gmail.com,851644129,2014/05/12,Stock Clerk,407
6616,Ngodup Shari,ngodupshari@gmail.com,383775576,2013/04/01,Stock Clerk,408
6617,Nguyen Dheepa,nguyendheepa@gmail.com,34672749853,2013/07/08,Stock Clerk,409
6618,Nguyen Lei-Ming,nguyenlei@gmail.com-ming,34741476112,2013/07/08,Stock Clerk,410
6619,Nowlan Kristie,nowlankristie@gmail.com,430936754,2014/11/10,Stock Clerk,411
6620,Ohare Lynn,o@gmail.com'harlynn,94008926,2014/03/31,Stock Clerk,412
6621,Oliver Brooke,oliverbrooke@gmail.com,663293070,2012/05/14,Stock Clerk,413
6622,Onque Jasmine,onquejasmine@gmail.com,160274046,2013/09/30,Stock Clerk,414
6623,Osturnka Adeel,osturnkaadeel@gmail.com,3485261606,2013/09/30,Stock Clerk,415
6624,Owad Clinton,owadclinton@gmail.com,68829417,2014/02/17,Stock Clerk,416
6625,Ozark Travis,ozarktravis@gmail.com,68811771,2015/01/05,Stock Manager,417
6626,Panjwani Nina,panjwaninina@gmail.com,68858795,2011/02/07,Stock Manager,418
6627,Patronick Lucas,patronicklucas@gmail.com,68875372,2011/11/07,Stock Manager,419
6628,Pearson Randall,pearsonrandall@gmail.com,68884316,2014/12/01,Stock Manager,420
6629,Smith Martin,smithmartin@gmail.com,68813375,2011/01/10,Stock Manager,421
6630,Pelletier Ermine,pelletierermine@gmail.com,68858637,2011/07/05,Public Accountant,422
6631,Perry Shakira,perryshakira@gmail.com,68805045,2011/05/16,Accounting Manager,423
6632,Peters Lauren,peterslauren@gmail.com,68880110,2011/05/16,Administration Assistant,424
6633,Peterson Ebonee,petersonebonee@gmail.com,68857691,2010/10/25,President,425
6634,Petingill Shana,petingillshana@gmail.com,68825445,2012/04/02,Administration Vice President,426
6635,Petrowsky Thelma,petrowskythelma@gmail.com,68849795,2014/11/10,Administration Vice President,427
6636,Pham Hong,phamhong@gmail.com,68813797,2011/07/05,Accountant,428
6637,Pitt Brad,pittbrad@gmail.com,68834959,2007/11/05,Accountant,429
6638,Potts Xana,pottsxana@gmail.com,68885393,2012/01/09,Accountant,430
6639,Power Morissa,powermorissa@gmail.com,68847336,2011/05/16,Accountant,431
6640,Punjabhi Louis,punjabhilouis@gmail.com,68838334,2014/01/06,Accountant,432
6641,Purinton Janine,purintonjanine@gmail.com,68858297,2012/09/24,Finance Manager,433
6642,Quinn Sean,quinnsean@gmail.com,19532846966,2011/02/21,Human Resources Representative,434
6643,Rachael Maggie,rachaelmaggie@gmail.com,11594484231,2016/10/02,Programmer,435
6644,Rarrick Quinn,rarrickquinn@gmail.com,18184600733,2011/09/26,Programmer,436
6645,Ren Kylo,renkylo@gmail.com,16334387490,2014/05/12,Programmer,437
6646,Rhoads Thomas,rhoadsthomas@gmail.com,11391279729,2011/05/16,Programmer,438
6647,Rivera Haley,riverahaley@gmail.com,12700933298,2011/11/28,Programmer,439
6648,Roberson May,robersonmay@gmail.com,16928570416,2011/09/26,Marketing Manager,440
6649,Robertson Peter,robertsonpeter@gmail.com,18288883894,2011/07/05,Marketing Representative,441
6650,Robinson Alain,robinsonalain@gmail.com,1259840972,2011/01/10,Public Relations Representative,442
6651,Robinson Cherly,robinsoncherly@gmail.com,16506042484,2011/01/10,Purchasing Clerk,443
6652,Robinson Elias,robinsonelias@gmail.com,1079987280,2013/07/08,Purchasing Clerk,444
6653,Roby Lori,robylori@gmail.com,1017678451,2015/02/16,Purchasing Clerk,445
6654,Roehrich Bianca,roehrichbianca@gmail.com,16631138979,2015/01/05,Purchasing Clerk,446
6655,Roper Katie,roperkatie@gmail.com,10767887264,2017/01/07,Purchasing Clerk,447
6656,Rose Ashley,roseashley@gmail.com,18700148290,2014/01/06,Purchasing Manager,448
6657,Rossetti Bruno,rossettibruno@gmail.com,15622391705,2011/04/04,Sales Manager,449
6658,Roup Simon,roupsimo@gmail.com,10850824314,2013/01/20,Sales Manager,450
6659,Ruiz Ricardo,ruizricardo@gmail.com,16298665789,2012/01/09,Sales Manager,451
6660,Saada Adell,saadaadell@gmail.com,14854153112,2012/11/05,Sales Manager,452
6661,"Saar Beckles, Melinda",saar@gmail.com-becklemelinda,14114726033,2016/07/04,Sales Manager,453
6662,Sadki Nore,sadkinore@gmail.com,11682416036,2009/01/05,Sales Representative,454
6663,Sahoo Adil,sahooadil@gmail.com,1582707843,2010/08/30,Sales Representative,455
6664,Salter Jason,salterjason@gmail.com,19128517329,2015/01/05,Sales Representative,456
6665,Sander Kamrin,sanderkamrin@gmail.com,19182817745,2014/09/29,Sales Representative,457
6666,Sewkumar Nori,sewkumarnori@gmail.com,19163076932,2013/09/30,Sales Representative,458
6667,Shepard Anita,shepardanita@gmail.com,15656026968,2014/09/30,Sales Representative,459
6668,Shields Seffi,shieldsseffi@gmail.com,11080310872,2013/08/19,Sales Representative,460
6669,Simard Kramer,simardkramer@gmail.com,10708353453,2015/01/05,Sales Representative,461
6670,Singh Nan,singhnan@gmail.com,13423460424,2015/05/01,Sales Representative,462
6671,Sloan Constance,sloanconstance@gmail.com,68868023,2009/10/26,Sales Representative,463
6672,Smith Joe,smithjoe@gmail.com,68899428,2014/09/29,Sales Representative,464
6673,Smith John,smithjohn@gmail.com,68821332,2014/05/18,Sales Representative,465
6674,Smith Leigh Ann,smithleigh@gmail.com ann,68850748,2011/09/26,Sales Representative,466
6675,Smith Sade,smithsade@gmail.com,68884302,2013/11/11,Sales Representative,467
6676,Soto Julia,sotojulia@gmail.com,68859603,2011/06/10,Sales Representative,468
6677,Soze Keyser,sozekeyser@gmail.com,68818105,2016/06/30,Sales Representative,469
6678,Sparks Taylor,sparkstaylor@gmail.com,68806262,2012/02/20,Sales Representative,470
6679,Spirea Kelley,spireakelley@gmail.com,68812337,2012/10/02,Sales Representative,471
6680,Squatrito Kristen,squatritokristen@gmail.com,68856195,2013/05/13,Sales Representative,472
6681,Stanford Barbara,stanfordbarbar@gmail.com,68824657,2011/01/10,Sales Representative,473
6682,Stansfield Norman,stansfieldnorman@gmail.com,68814336,2014/05/12,Sales Representative,474
6683,Steans Tyrone,steanstyrone@gmail.com,68859812,2014/09/29,Sales Representative,475
6684,Stoica Rick,stoicarick@gmail.com,68847192,2014/02/17,Sales Representative,476
6685,Strong Caitrin,strongcaitrin@gmail.com,68872343,2010/09/27,Sales Representative,477
6686,Sullivan Kissy,sullivankissy@gmail.com,68881765,2009/01/08,Sales Representative,478
6687,Sullivan Timothy,sullivantimothy@gmail.com,68827466,2015/01/05,Sales Representative,479
6688,Sutwell Barbara,sutwellbarbara@gmail.com,68803253,2012/05/14,Sales Representative,480
6689,Szabo Andrew,szaboandrew@gmail.com,68861306,2014/07/07,Sales Representative,481
6690,Tannen Biff,tannenbiff@gmail.com,68891860,2017/04/20,Sales Representative,482
6691,Tavares Desiree,tavaresdesiree@gmail.com,68827036,2009/04/27,Sales Representative,483
6692,Tejeda Lenora,tejedalenora@gmail.com,68896261,2011/05/16,Shipping Clerk,484
6693,Terry Sharlene,terrysharlene@gmail.com,68825086,2014/09/29,Shipping Clerk,485
6694,Theamstern Sophia,theamsternsophia@gmail.com,68809651,2011/07/05,Shipping Clerk,486
6695,Thibaud Kenneth,thibaudkenneth@gmail.com,68820668,2007/06/25,Shipping Clerk,487
6696,Tippett Jeanette,tippettjeanette@gmail.com,68888019,2013/02/18,Shipping Clerk,488
6697,Torrence Jack,torrencejack@gmail.com,68831329,2006/01/09,Shipping Clerk,489
6698,Trang Mei,trangmei@gmail.com,68876700,2014/02/17,Shipping Clerk,490
6699,Tredinnick Neville,tredinnickneville@gmail.com,68839797,2015/01/05,Stock Clerk,491
6700,True Edward,trueedward@gmail.com,68876484,2013/02/18,Stock Clerk,492
6701,Trzeciak Cybil,trzeciakcybil@gmail.com,68847386,2011/01/10,Stock Clerk,493
6702,Turpin Jumil,turpinjumil@gmail.com,68881172,2015/03/30,Stock Clerk,494
6703,Valentin Jackie,valentinjacki@gmail.com,9800121244,2011/07/05,Stock Clerk,495
6704,Veera Abdellah,veeraabdellah@gmail.com,8788092231,2012/08/13,Stock Clerk,496
6705,Vega Vincent,vegavincent@gmail.com,6700989921,2011/08/01,Stock Manager,497
6706,Villanueva Noah,villanuevanoah@gmail.com,7890991231,2008/09/11,Stock Manager,498
6707,Zima Colleen,zimacolleen@gmail.com,8690991436,2010/02/02,Stock Manager,499
6708,Volk Colleen,volkcollen@gmail.com,9426826971,2000/05/15,Stock Manager,500
